comments,stars
"Check in ngÃ y thá»© 3 liÃªn tiáº¿p Ä‘á»“ng hÃ nh cÃ¹ng cÃ¡c cáº·p Ä‘Ã´i siu dá»… thÆ°Æ¡ng. Gáº·p dÃ¢u rá»ƒ má»—i ngÃ y lÃ  nÃ¬m vui ğŸ˜‰.

LiÃªn há»‡ : 0972237345 & 0967237345 Ä‘á»ƒ Ä‘Æ°á»£c tÆ° váº¥n miá»…n phÃ­ nhÃ© cÃ¡c nÃ ng thÆ¡!
â¤ â¤ â¤ â¤ â¤
â™”ğŸ ä¸…ğ—¿ğ˜‚Ì›ğ—¼Ì›Ì€ğ—»ğ—´ ğ—¦ğ—¼Ì›ğ—» ğ—•ğ—¿ğ—¶ğ—±ğ—®ğ—¹ - ğ—”Ìğ—¼ ğ—–ğ˜‚Ì›ğ—¼Ì›Ìğ—¶ - ğ—£ğ—¿ğ—¼ ğ—¦ğ˜ğ˜‚ğ—±ğ—¶ğ—¼ - ğ— ğ—®ğ—¸ğ—²ğ˜‚ğ—½ â™šğŸ©
â¤ â¤ â¤ â¤ â¤
â˜€TRÆ¯á»œNG SÆ N BRIDAL - NÆ¡i ""Äá»ŠNH NGHÄ¨A CHO Má»˜T TÃŒNH YÃŠU HOÃ€N Háº¢O"" â˜€
------------------
LiÃªn há»‡ book lá»‹ch makeup & chá»¥p áº£nh:
ğŸ“¸VÃµ TrÆ°á»ng SÆ¡n ğŸ“¸
ğŸ’„HoÃ i VÃ¢ng Makeup ğŸ’„
ğŸ 220 Pháº¡m VÄƒn Äá»“ng - Thá»‹ Tráº¥n ChÃ¢u á»” - BÃ¬nh SÆ¡n -QNgÃ£i ğŸ 
â˜â˜ 0972 237 345 hoáº·c 0967 237 345 â˜â˜
â˜€ ---- Xin chÃ¢n thÃ nh cáº£m Æ¡n khÃ¡ch hÃ ng Ä‘Ã£ tin iu, Ä‘á»“ng hÃ nh vÃ  sáº½ luÃ´n á»§ng há»™ TRÆ¯á»œNG SÆ N BRIDAL ---- â˜€
#TruongSonBridal
#220PhamVanDong
#Phongsucuoidep
#Chupanhcuoidep
#Anhcuoingoaicanhdep
#Makeupcodaunhenhang
#Makeuptunhien_nencangmin
#Albumngoaicanhgiare
#Albumhanquoc
#Daotaohocvien_nhiepanh
#Daotaohocvien_photoshop
#Daotaohocvien_makeup",5
"Ão cÅ©ng OK, giÃ¡ thÃ nh há»£p lÃ½, khÃ´ng dÃ¡m Ä‘Ã²i há»i vÃ¬ tiá»n nÃ o cá»§a náº¥y...nÃ³i chung táº¡m Ä‘Æ°á»£c . Bá»c hÃ ng hÆ¡i má»ng manh sÆ¡ SÃ i... dÃ¹ sao cÅ©ng cáº£m Æ¡n shop nhiá»u áº¡ğŸ¥°",5
"MÃ u sáº¯c: Ä‘e
Ã¡o hÆ¡i má»ng nhÆ°ng cx ráº¥t tÃ´n. Mk nghÄ© mn thá»­ mua xem s chá»© Ä‘á»‘i vs mk lÃ  á»•n h/anh mang tÃ­nh cháº¥t nháº­n xu",5
"Cháº¥t liá»‡u: má»ng nhÃ¬n thau
MÃ u sáº¯c: tráº¯ng
ÄÃºng vá»›i mÃ´ táº£: 80%
1s2 2s2 3p6 4s2 3d10 4p6 5s2 4d10 5p6 6s2 4f14 5d10 6p6 7s2 5f14 6d10 7p6",5
"Cháº¥t liá»‡u: tiá»n nÃ o cá»§a Ä‘Ã³
MÃ u sáº¯c: Ä‘en
ÄÃºng vá»›i mÃ´ táº£: khÃ¡ á»•n
HÃ¬nh áº£nh chá»‰ mang tÃ­nh cháº¥t nháº­n xu tks",5
Ai biáº¿t Ã  mÃ  mÃ y nÃ³i cÃ¡i gÃ¬ Ä‘Ã³ thÃ¬ tá»“i tá»‡ nháº¥t lÃ  khi nÃ o mÃ¬nh cÅ©ng Ä‘Ã£ nÃ³i lÃ  khÃ´ng cÃ³ gÃ¬ má»›i máº»,5
"Cháº¥t liá»‡u: vÃ£i má»ng
MÃ u sáº¯c: Ä‘en
ÄÃºng vá»›i mÃ´ táº£: Ä‘Ãºng vá»›i hÃ¬nh áº£nh mÃ  má»ng khÃ´ng Ä‘á»§ áº¥m
HÃ¬nh áº£nh vÃ  video mÃ n tÃ­nh cháº¥t nháº­n xuuu",5
"Cháº¥t liá»‡u: váº£i thÃ¬ máº·c vÃ o thÃ¬ nÃ³ ráº¥t mÃ¡t khÃ´ng ngá»©a,nÃªn Ä‘Ã¡nh giÃ¡ 5 sao
MÃ u sáº¯c: mÃ u Ä‘áº¹p ko chÃª vÃ o Ä‘Ã¢u Ä‘Æ°á»£c
ÄÃºng vá»›i mÃ´ táº£: ráº¥t lÃ  Ä‘áº¹p
Tuy mÃ¬nh chá»‰ cÃ³ 43kg thÃ´i nhÆ°ng mÃ¬nh Ä‘áº·t lÃ  60kg Ä‘áº¿n 70kg  máº·c vá»«a luÃ´n,nÃ³i chung lÃ  ráº¥t Ä‘áº¹p nha",5
"Cháº¥t liá»‡u: khÃ´ng biáº¿t
MÃ u sáº¯c: Ä‘en
HÃ ng Ä‘áº¹p , shipper thÃ¢n thiá»‡n , hÃ¬nh áº£nh chá»‰ mang tÃ­nh cháº¥t nháº­n xu",5
"Cháº¥t liá»‡u: Ä‘á»ƒu
MÃ u sáº¯c: tráº¯ng
MÃ¹i kinh vs váº£i ko má»‹n",3
"Cháº¥t liá»‡u: k bt
MÃ u sáº¯c: Ä‘en
ÄÃºng vá»›i mÃ´ táº£: táº¡m
Váº£i hÆ¡i má»ng , hmmm nhÆ°ng Ä‘á»•i láº¡i Ä‘áº¹p vá»›i shipper hoÃ  Ä‘á»“ng nhee CX chung chung lÃ  táº¡m Ä‘c váº«n 5sao",5
"Cháº¥t liá»‡u: da
MÃ u sáº¯c: Ä‘en
ÄÃºng vá»›i mÃ´ táº£: Ä‘Ãºng
quáº§n bÃªn nhau, cÃ¹ng nhau Ä‘Ã³n chÃ o nhá»¯ng Ä‘iá»u may máº¯n cá»§a nÄƒm má»›i. ÄÃ¢y cÅ©ng lÃ  truyá»n thá»‘ng Ã½ nghÄ©a, nÃ©t Ä‘áº¹p vÄƒn hÃ³a cá»§a dÃ¢n tá»™c Viá»‡t Nam.

Theo lá»‹ch váº¡n niÃªn, mÃ¹ng 1 Táº¿t NguyÃªn Ä‘Ã¡n QuÃ½ MÃ£o 2023 sáº½ rÆ¡i vÃ o Chá»§ nháº­t ngÃ y 22/02/2023.",5
"Cháº¥t liá»‡u: cÅ©ng á»•n ..bshsjsb
MÃ u sáº¯c: giá»‘ng trong hÃ¬nh áº£nh bbajwj s
ÄÃºng vá»›i mÃ´ táº£: Ä‘Ãºng bje
Táº¡m á»•n vá»›i giÃ¡ tiá»n nÃ y thÃ¬ cÅ©ng Ä‘c ,",5
"MÃ u sáº¯c: Ä‘en
ÄÃºng vá»›i mÃ´ táº£: Ä‘Ãºng
Ão ok láº¯m áº¡. ÄÃ¡ng Ä‘á»“ng tiá»n bÃ¡t gáº¡p láº¯m áº¡! Sáº½ tiáº¿p tá»¥c á»§ng há»™ shop",5
"Cháº¥t liá»‡u: ok
MÃ u sáº¯c: Ä‘Ãºng
ÄÃºng vá»›i mÃ´ táº£: Ä‘Ãºng
Ão cÃ²n hÆ¡i nhá» so vá»›i em dÃ¹ Ä‘Ã£ Ä‘áº·t xl nhÆ°ng Ã¡o Ä‘áº¹p láº¯m 
HÃ¬nh áº£nh chá»‰ mang tÃ­nh cháº¥t nháº­n xu",5
Giao hÃ ng nhanh 2 ngÃ y lÃ  nháº­n Ä‘c Ä‘Ã³ng gÃ³i kÄ© quáº§n Ä‘áº¹p láº¯m jsydhfjisbw,5
Mk muá»‘n Ä‘á»c bÃ i vÄƒn cá»§a mng  Ä‘á»ƒ so sÃ¡nh vá»›i vÄƒn cá»§a mk Ä‘á»ƒ xem mk cÃ²n thiáº¿u sÃ³t chá»— nÃ o ai cÃ³ bÃ i thÃ¬ gá»­i mk Ä‘á»c vs áº¡,5
"Cháº¥t liá»‡u: váº£i Ä‘Å©i
MÃ u sáº¯c: Ä‘en
ÄÃºng vá»›i mÃ´ táº£: Ä‘Ãºng
Ão ráº¥t Ä‘áº¹p , vá»«a váº¹n , giao hÃ ng ráº¥t nhanh Ä‘Ãºng vs mÃ´ táº£",5
"Cháº¥t liá»‡u: tá»‘t khÃ¡ áº¥m
MÃ u sáº¯c: Ä‘en
ÄÃºng vá»›i mÃ´ táº£: Ä‘Ãºng vá»›i mÃ´ táº£ xinh lÃ©m
NÃªn mua má»™i ngÆ°á»i Ã´i ğŸ™ƒ Ä‘áº¹p nha",5
"Cháº¥t liá»‡u: váº£i má»ng
MÃ u sáº¯c: Ä‘Ãºng
ÄÃºng vá»›i mÃ´ táº£: Ä‘Ãºng
Ão thÃ¬ cÅ©ng Ä‘áº¹p , Ä‘Ã³ng gÃ³i Ä‘áº¹p nhÆ° lÃºc má»Ÿ sáº£n pháº©m ra thÃ¬ Ã¡o bá»‹ nhÄƒn nheo , ráº¥t lÃ  xáº¥u, máº·c thÃ¬ vá»«a nhÆ°ng Ã¡o nhÄƒn vÃ  váº£i hoi má»ng lÃªn mÃ¬nh cho 3 sao , náº¿u ko bá»‹ nhÄƒn mik cÃ²n cháº¥p nháº­n Ä‘Æ°á»£c ,ko lÃªn mua nha má»i ngÆ°á»i, mang tÃ­nh cháº¥t nháº­n xu :-\",3
Ão Ä‘áº¹p ok há»£p vá»›i táº§m giÃ¡ nÃªn mua nghe má»i ngÆ°á»i . Giao hÃ ng nhanh,5
"Cháº¥t liá»‡u: váº£i len
MÃ u sáº¯c: Ä‘en tráº¯ng
ÄÃºng vá»›i mÃ´ táº£: tá»‘t
Tá»‘t giao hÃ ng nhanh lÃªn thá»­  phá»¥c vá»¥ tá»‘t lÃªn á»§ng há»™",5
"Cháº¥t liá»‡u: len
MÃ u sáº¯c: tráº¯ng, be
ÄÃºng vá»›i mÃ´ táº£: Ä‘Ãºng
Ão min.  HÆ¡i má»ng máº·c á»Ÿ trong phÃ¹ há»£p. Vá»›i giÃ¡ nÃ y thÃ¬ khÃ´ng Ä‘Ã²i há»i cao.",4
,5
"Cháº¥t liá»‡u: váº£i j Ä‘Ã³
MÃ u sáº¯c: Ä‘en tráº¯ng
ÄÃºng vá»›i mÃ´ táº£: yes
Ão ráº¥t Ä‘áº¹p,Ä‘Æ°á»ng thÃªu kh bá»‹ láº«n cÅ©ng kh bá»‹ láº«n vá»›i mÃ u há»“ng.Ã¡o Ä‘áº¹p vá»›i giÃ¡ nÃ y thÃ¬ khá»i bÃ n,má»—i tá»™i kh cÃ³ tÃºi thÃ´i :)))",5
"Cháº¥t liá»‡u: jean
MÃ u sáº¯c: Ä‘en
ÄÃºng vá»›i mÃ´ táº£: Ä‘Ãºng
Quáº§n xá»‹n nha cháº¥t váº£i lÃ  jean nhÆ°ng co dÃ£ng tá»‘t máº·c lÃªn ráº¥t Ä‘áº¹p vÃ  tÃ´n dÃ¡ng mÃ¬nh mua cho e mÃ¬nh nÃªn ko cÃ³ áº£nh quáº§n ráº» mÃ  cháº¥t lÆ°á»£ng ráº¥t tá»‘t nÃªn mua áº¡",5
"Cháº¥t liá»‡u: váº£i
MÃ u sáº¯c: tráº¯ng Ä‘en
ÄÃºng vá»›i mÃ´ táº£: ok
KhÃ¡ á»•n,nhÆ°ng mÃ u Ä‘en bá»‹ báº¡c mÃ u, cháº¥t váº£i dá»… xÃ¹ lÃ´ng, ko cÃ³ chá»‰ thá»«a",5
"Cháº¥t liá»‡u: ná»‰ bÃ´ng
MÃ u sáº¯c: xanh Ä‘áº­m
ÄÃºng vá»›i mÃ´ táº£: Ä‘Ãºng
Mua láº§n thá»© 2 rÃ²iii , giao hÃ ng nhanh hÃ¬nh áº£nh chá»‰ mang tÃ­nh cháº¥t minh há»a",5
"Cháº¥t lÆ°á»£ng sáº£n pháº©m: tá»‘t
ÄÃºng vá»›i mÃ´ táº£: Ä‘Ãºng
Mua láº§n 2 rá»“i
GiÃ¡ ráº» 
Cháº¥t liá»‡u ok
CÃ³ nhiá»u máº«u mÃ£ Ä‘áº¹p
NÃªn mua nhÃ© cáº£ nhÃ 
HÃ¬nh áº£nh nháº­n xu",5
"ÄÃºng vá»›i mÃ´ táº£: ok
trang Fanpage chÃ­nh thá»©c cá»§a Ä‘á»™i tuyá»ƒn quá»‘c gia Arg ğŸ‡¦ğŸ‡· tag tÃªn M-TP vÃ o bÃ i viáº¿t trÆ°á»›c tráº­n Ä‘áº¥u tá»‘i qua 
cháº¯c lÃ  tháº¥y á»Ÿ Viá»‡t Nam nhiá»u ngÆ°á»i quan tÃ¢m Messi quÃ¡ nÃªn tag kÃ©o tÆ°Æ¡ng tÃ¡c chá»› gÃ¬iiiiii hahaaaaaaaa 
ğŸ¤£ğŸ¤£ğŸ¤£
ngoÃ i ra cÃ²n má»™t sá»‘ nghá»‡ sÄ© khÃ¡c cá»§a Viá»‡t Nam cÅ©ng Ä‘Æ°á»£c gáº¯n tháº»

lá»‹ch 2023 Ä‘áº·t ngay táº¡i Sky Confession Shop",5
"Cháº¥t lÆ°á»£ng sáº£n pháº©m: okok
ÄÃºng vá»›i mÃ´ táº£: Ä‘Ãºng
giao hÃ ng nhanh, giá»‘ng hÃ¬h , Ä‘Ã³g gÃ³i cáº©n tháº­n 
GiÃ¡ ráº» nch Æ°ng láº¯m nha â€¦ nÃªn mua nhÃ¡ mn",5
"Cháº¥t lÆ°á»£ng sáº£n pháº©m: tá»‘t
nÃªn mua nhÃ© hÃ ng tá»‘t láº¯m cÃ³ sáº¡c nÆ°ac nha má»i ngÆ°á»i Ä‘áº¡ uhewyg",5
"Cháº¥t lÆ°á»£ng sáº£n pháº©m: khÃ´ng á»•n!
ÄÃºng vá»›i mÃ´ táº£: sai
mÃ u thÃ¬ giao sai,sáº¡c cáº£ tiáº¿ng chá»‰ vÃ o vÃ i pin. Mua xong Ä‘á»ƒ Ä‘Ã³ cháº³ng biáº¿t lÃ m gÃ¬,giao hÃ ng cÅ©ng khÃ´ng lÃ¢u. Cháº¥t lÆ°á»£ng nhÆ°??????KhÃ´ng biáº¿t shop cÃ³ bá»“i thÆ°á»ng khÃ´ng chá»© 1sao lÃ  ráº¥t tháº¥t vá»ng.",1
"ÄÃºng vá»›i mÃ´ táº£: ráº¥t Ä‘Ãºng
HÃ¬nh áº£nh mang tÃ­nh cháº¥t  nháº­n xu sáº£n pháº©m ráº¥t  tuyá»‡t vá»i cho 10Ä‘",5
"Cháº¥t lÆ°á»£ng sáº£n pháº©m: tot
ÄÃºng vá»›i mÃ´ táº£: tot
Mua hang cua shop nhiu lan roi, luc nao cung tgich het, gia re nua nha",5
"mÃ¡y giao nhanh, Ä‘Ã³ng gÃ³i cáº©n tháº­n, em má»Ÿ bÃªn trong rá»“i nhÆ°ng cho vÃ´ láº¡i nÃªn em ngáº¡i bá» ra chá»¥p quÃ¡, nhÆ°ng ráº¥t xá»‹n luÃ´n",5
"Cháº¥t lÆ°á»£ng sáº£n pháº©m: Ä‘áº¹p
ÄÃºng vá»›i mÃ´ táº£: giá»‘ng trong hÃ¬nh",5
"1 sim dang sÃ i, shop ghi tiá»n trong sim sáºµn 40k mÃ  má»Ÿ xem cÃ³ 2Ä‘ dc cÃ¡i máº¡ng oke, sim cÃ²n láº¡i khÃ´ng biáº¿t thÃ¡ng sau cÃ³ sÃ i dc ko (hÃ¬nh áº£nh nháº­n xu)",3
"Cháº¥t lÆ°á»£ng sáº£n pháº©m: tá»‘t
Bao bÃ¬/Máº«u mÃ£: gÃ³i hÃ ng cáº©n tháº­n, cÃ³ bao bÃ¬ chá»‘ng sá»‘c máº¥y lá»›p dÃ y.
Äá»™ tuá»•i sá»­ dá»¥ng: 0-12 thÃ¡ng
Sá»¯a mua Ä‘Æ°á»£c giÃ¡ sale nÃªn giÃ¡ tá»‘t xÃ­u. Chá»§ shop tv nhiá»‡t tÃ¬nh. NÃªn mua. Láº§n sau sáº½ á»§ng há»™ shop ná»¯a nha",5
"Cháº¥t lÆ°á»£ng sáº£n pháº©m: tá»‘t Ä‘áº¹p máº¯t
Vá» mÃ¹a XuÃ¢n háº¡ thu Ä‘Ã´ng nÄƒm nay em gáº·p chá»‹ á»Ÿ chá»— vÄƒn miáº¿u áº¡k táº¡i nhÃ  em cÃ³ thá»ƒ tÃ¬m tháº¥y áº£nh",5
"Cháº¥t lÆ°á»£ng sáº£n pháº©m: tot
TÃ­nh nÄƒng ná»•i báº­t: nho nhe
Shop nuoc ngoai nen giao cung lau ma de xai lam ko can setup gi gam usb vao tv la su dung duoc ngay",5
"Giao hÃ ng nhanh, shop phá»¥c vá»¥ tá»‘t, loa nghe to rÃµ, nhÃ¬n khÃ¡ Æ°ng Ã½ luÃ´n, Ä‘á»ƒ vá» cáº¥m.mic vÃ o hÃ¡t coi sao. Láº§n sau sáº½ á»§ng há»™ tiáº¿p",5
"Cháº¥t lÆ°á»£ng sáº£n pháº©m: nhan hang ok
TÃ­nh nÄƒng ná»•i báº­t: Ä‘Ã£ nháº­n hÃ ng
ÄÃ³ng gÃ³i cáº©n tháº­n. Giao Ä‘Ãºng háº¹n. Cháº¥t lÆ°á»£ng thÃ¬ cáº§n thá»i gian",5
"Cháº¥t lÆ°á»£ng sáº£n pháº©m: cx xinh
TÃ­nh nÄƒng ná»•i báº­t: cháº¯c cháº¯n
tai nghe thÃ¬ nghe bthg nhÆ°ng sai bÃªn nghe bÃªn trÃ¡i thÃ nh pháº£i,pháº£i thÃ nh trÃ¡i áº¡ nhÆ°ng xinh láº¯m",3
"Cháº¥t lÆ°á»£ng sáº£n pháº©m: tot
TÃ­nh nÄƒng ná»•i báº­t: led 7 mÃ u
MÃ¬nh mua hÃ´m 15/12/2022 Ä‘Æ°á»£c freeship kÃ¨m thÃªm giáº£m giÃ¡ 30k cÃ²n cÃ³ 49k. 
Báº¥m khÃ¡ Ãªm, bÃ n phÃ­m nhá»±a dáº»o trong suá»‘t Ä‘á»ƒ dÃ¹ng led. Led sÃ¡ng khÃ´ng Ä‘á»•i mÃ u Ä‘Æ°á»£c.
KhÃ´ng biáº¿t dÃ¹ng bá»n ko. á»¦ng há»™ shop náº¿u dÃ¹ng tá»‘t",5
"Cháº¥t lÆ°á»£ng sáº£n pháº©m: Tot .
TÃ­nh nÄƒng ná»•i báº­t: Ok !
Chat Luong San Pham : Tot . Tinh Nang Noi Bat : Ok ! Thank You Cua Hang Shop Nhieu Lam !",5
HÃ ng ok chÆ¡i phi phai ráº¥t mÆ°á»£t nháº¯n nháº­n xuu kakaka:))))(((((,5
"LÃ  hÃ ng quá»‘c táº¿ nhÆ°ng giao hÃ nh khÃ¡ nhanh, sáº£n pháº©m cháº¥t lÆ°á»£ng. Láº§n sau tiáº¿p tá»¥c á»§ng há»™ shop.
NÃªn mua nhÃ© m.n",5
"Cháº¥t lÆ°á»£ng sáº£n pháº©m: tÃ´Ìt
HaÌ€ng chuÃ¢Ì‰n giaÌ tÃ´Ìt nha mn",5
"CÃ´ng dá»¥ng: son mÃ´i
Äá»™ bá»n mÃ u: táº¡m á»•n
Giao hÃ ng nhanh
ÄÃ³ng gÃ³i sáº£n pháº©m Ä‘áº¹p máº¯t
LÃªn mÃ u Ä‘áº¹p, giá»‘ng trÃªn hÃ¬nh, Ä‘á»™ lÃ¬ á»•n, khÃ´ng trÃ´i nhanh, cÃ³ mÃ¹i thÆ¡m nhÆ° káº¹o, nÃªn mua nha",5
"Shop lá»«a Ä‘áº£o. Má»i ngÆ°á»i cáº©n tháº­n tiá»n máº¥t táº­t mang. 

KhÃ´ng cÃ³ sáº£n pháº©m nÃ o Ä‘Æ°á»£c giao, chá»‰ lÃ  1 bá»‹ch ni lÃ´ng Ä‘en.",1
"CÃ´ng dá»¥ng: xá»‹t thÆ¡m miá»‡ng
MÃ¹i hÆ°Æ¡ng: Ä‘Ã o
MÃ¹i Ä‘Ã o ráº¥t thÆ¡m, cÃ³ 1 chÃºt mÃ¹i báº¡c hÃ . Ship hÃ ng hÆ¡i lÃ¢u nhÆ°ng vÃ¬ lÃ  shop quá»‘c táº¿ nÃªn cháº¥p nháº­n Ä‘Æ°á»£c. MÃ¹i khÃ´ng lÆ°u hÆ°Æ¡ng Ä‘Æ°á»£c lÃ¢u láº¯m. Ban Ä‘áº§u tháº¥y xá»‹t hoÃ i khÃ´ng ra tÆ°á»Ÿng hÃ ng bá»‹ lá»—i nhÆ°ng tháº­t ra lÃ  pháº£i áº¥n máº¡nh xuá»‘ng thÃ¬ má»›i ra Ä‘Æ°á»£c nha má»i ngÆ°á»i. GiÃ¡ cÅ©ng ráº» nÃªn khÃ´ng Ä‘Ã²i há»i gÃ¬ nhiá»u.
Trong video cÃ³ máº¥y chá»— bá»‹ lá»™ mÃ£ váº¡ch nÃªn em cáº¯t Ä‘i, má»i ngÆ°á»i Ä‘á»«ng Ä‘á»ƒ Ã½ áº¡
2 áº£nh cuá»‘i mang tÃ­nh cháº¥t nháº­n xu áº¡",5
"CÃ´ng dá»¥ng: dÃ¡n mÃ³ng
Äá»‘i tÆ°á»£ng sá»­ dá»¥ng: 12+
Shop soáº¡n hÃ ng Ä‘áº§y Ä‘á»§, ráº¥t nhanh, chá»‘ng sá»‘c cÃ³. Dá»‹ch vá»¥ váº­n chuyá»ƒn thÃ¬ bá»‹ káº¹t háº£i quan, chÃª bÃªn váº­n chuyá»ƒn áº¡. MÃ³ng giáº£ thÃ¬ ráº¥t Ä‘áº¹p, nhÃ¬n giáº£ nhÆ°ng biáº¿t cÃ¡ch chá»‰nh sá»­a, mÃ i bá»›t, sÆ¡n bÃ³ng, chá»‰nh form dÃ¡ng mÃ³ng thÃ¬ ráº¥t Ä‘áº¹p nha. HÃ¬nh cÅ©ng cute, hay rá»›t con bÃ² Ä‘Ã­nh. Keo, dÅ©a Ä‘áº§y Ä‘á»§.",5
"MÃ¹i hÆ°Æ¡ng: nháº¹ nhÃ ng
Äá»™ lÆ°u hÆ°Æ¡ng: 1h
ThÆ¡m láº¯m nha mn mÃ  lÆ°u hÆ°Æ¡ng chá»‰ Ä‘c 1 tiáº¿ng lÃ  bay háº¿t Ã , nÃªn mua nhÃ 
HÃ¬nh áº£nh chá»‰ mang tÃ­nh cháº¥t nháº­n xu",5
"CÃ´ng dá»¥ng: Ä‘Ã¡nh son
Äá»™ bá»n mÃ u: tá»‘t láº¯m nha
MÃ u Ä‘áº¹p ,bá»n mÃ u lÃ¢u trÃ´i tÃ¬nh nÃ ng TiÃªn CÃ¡ chap má»›i nhanh hÆ¡n vÃ  báº§u trá»i xanh tháº³m cá»§a Äá»©c tháº§y cÃ´ giÃ¡o bá»‹ tung áº£nh  cá»§a Äá»©c tháº§y cÃ´ giÃ¡o bá»‹ tung áº£nh  cá»§a Äá»©c tháº§y cÃ´ giÃ¡o bá»‹ tung áº£nh  cá»§a Äá»©c tháº§y cÃ´ giÃ¡bá»‹ tung áº£nh  cá»§a Äá»©c tháº§y cÃ´ giÃ¡o bá»‹ tung áº£nh cá»§a má»™t sá»‘ Ä‘á» sá»‘ d cÃ³ thá»ƒ Ä‘Æ°á»£c cÃ¹ng nhau chia tay vá»›i cÃ´ gÃ¡i xinh chuyá»‡n cÃ³ cm DJ sá»‘ Ä‘á» táº­p thá»ƒ Ä‘Æ°á»£c cÃ¹ng nhau Ä‘i Ä‘ang cÃ³ ai Ä‘Ã³ gáº·p gá»¡ vá»›i cÃ¡c Ä‘á»‘i thá»§ cá»§a mÃ¬nh vÃ  ngÆ°á»i dÃ¢n trong láº§n",5
Shop Ä‘Ã³ng gÃ³i cáº©n tháº¡n quÃ¡. CÃ³ há»™p Ä‘á»±ng. NhÃ¬n Ä‘áº¹p máº¯t. NÃ³i chung pin Ä‘áº¹p. CÃ²n bá»n thÃ¬ chÆ°a biáº¿t s kk,5
ÄÃ³ng gÃ³i sáº£n pháº©m ráº¥t Ä‘áº¹p vÃ  cháº¯c cháº¯n. Cháº¥t lÆ°á»£ng sáº£n pháº©m tuyá»‡t vá»i. Thá»i gian giao hÃ ng ráº¥t nhanh.,5
"Äiá»m Ä‘áº¡m vÃ  lÃ´i cuá»‘n. Chá»‰n chu trong tá»«ng thiáº¿t káº¿, táº­n tÃ¬nh trong thi cÃ´ng chÃ­nh lÃ  nhá»¯ng giÃ¡ trá»‹ tuyá»‡t vá»i nháº¥t mÃ  chÃºng tÃ´i mang tá»›i trong dá»± Ã¡n láº§n nÃ y -",5
"MÃ¬nh Ä‘Ã£ nháº­n Ä‘Æ°á»£c Ä‘Ãºng sáº£n pháº©m mua. Tháº» Ä‘Ãºng lÆ°u lÆ°á»£ng, má»›i , Ä‘áº¹p, ráº¥t Æ°ng Ã½.Giao hÃ ng nhanh, Ä‘Ã³ng gÃ³i chuyÃªn nghiá»‡p. Thá»­ vÃ o diá»‡n thoáº¡i quay phim chup áº£nh tá»‘t.Hinh áº£nh mang tc nháº­n xu",5
"HÃ ng Ä‘áº¹p má»›i. ÄÃ³ng gÃ³i cáº©n tháº­n 
Giao hÃ ng nhanh chÃ³ng amazing goodjob em",5
Camera xÃ i máº¥y bá»¯a thÃ¬ tháº¥y ráº¥t hÃ i lÃ²ng. HÃ¬nh áº£nh ráº¥t nÃ©t. Cháº¥t lÆ°á»£ng ngoÃ i mong Ä‘á»£i cá»§a mÃ¬nh. Shop nhiá»‡t tÃ¬nh há»— trá»£,5
ÄÃ³ng gÃ³i ráº¥t cáº©n tháº­n thÃ¹ng vá»«a pháº£i Ä‘á»ƒ thoáº£i mÃ¡i ráº¥t Æ°ng Ã½ sáº½ á»§ng há»™ shop nhiá»uâ¤ï¸â¤ï¸â¤ï¸â¤ï¸,5
"Cháº¥t liá»‡u: nhu quang cao
MÃ u sáº¯c: Ä‘en
ÄÃºng vá»›i mÃ´ táº£: Ä‘Ãºng
Nháº­n Ä‘á»§ sáº£n pháº©m, Ä‘á»§ máº«u, Ä‘Ãºng mÃ u, shiper giao hÃ ng nhiá»‡t tÃ¬nh, lá»‹ch sá»±. Sáº£n pháº©m Ä‘áº¹p, mÃ u sáº¯c mÃ¡t máº¯t, mÃ u Ä‘áº¹p, má»‹n, cÃ¡c sáº£n pháº©m cáº­p nháº­t xu hÆ°á»ng ká»‹p thá»i vÃ  Ä‘a dáº¡ng. Cháº¥t lÆ°á»£ng sáº£n pháº©m tá»‘t, ráº¥t hÃ i lÃ²ng, sáº½ á»§ng há»™ tiáº¿p vÃ  giá»›i thiá»‡u cho má»i ngÆ°á»i. CÃ¡c máº«u mÃ£ Ä‘a dáº¡ng, báº¯t ká»‹p xu hÆ°á»›ng thá»i Ä‘áº¡i, shop nhiá»‡t tÃ¬nh, giao hÃ ng nhanh, ráº¥t hÃ i lÃ²ng.",5
"ÄÃºng vá»›i mÃ´ táº£: Äáº¹p shop áº¡
Cháº¥t liá»‡u: Silicon
MÃ u sáº¯c: Äen
Äá»“ng há»“ Ä‘áº¹p cháº¥t lÆ°á»£ng tá»‘t dÃ¢y thÆ¡m hÆ°Æ¡ng vani ná»¯a chá»©. Äá»“ng há»“ Ä‘eo lÃªn tay Ä‘áº¹p láº¯m áº¡. Shop tÆ° váº¥n há»— trá»£ nhiá»‡t tÃ¬nh. GiÃ¡ cáº£ há»£p lÃ½ mua hÃ ng bÃªn shop Ä‘Æ°á»£c táº·ng kÃ¨m thÃªm pin ná»¯a. Shop Ä‘Ã³ng gÃ³i hÃ ng cáº©n tháº­n giao hÃ ng nhanh. Sáº½ á»§ng há»™ shop dÃ i dÃ i áº¡  yÃªu shopppppppppppppppppp",5
HÃ ng Ä‘áº¹p láº¯m mng nÃªn mua cÃ²n tgian sáº½ tráº£ lá»i cháº¥t lÆ°á»£ng ahihihuhihihihih,5
"Äá»“ng há»“ Ä‘áº¹p , hÃ¬nh áº£nh mang tÃ­nh cháº¥t nháº­n xu kkkkkkkkkkkkkkkk",5
"Cháº¥t liá»‡u: Ä‘Ã¡nh giÃ¡
MÃ u sáº¯c: mÃ u gÃ¬
ÄÃºng vá»›i mÃ´ táº£: Ä‘Ãºng mÃ´ táº£
Tá»· phÃº Elon Musk cho biáº¿t sá»‘ ngÆ°á»i dÃ¹ng má»›i trÃªn Twitter Ä‘ang Ä‘áº¡t má»©c cao nháº¥t, báº¥t cháº¥p cÃ¡c cÃ´ng ty quáº£ng cÃ¡o liÃªn tá»¥c rá»i Ä‘i.",5
"Cháº¥t liá»‡u: Ok
MÃ u sáº¯c: ok
ÄÃºng vá»›i mÃ´ táº£: Ä‘Ãºng
Xinh bÃ© ráº¥t thÃ­ch , nhÆ°ng k bit chá»‰nh giá» cháº¯c bÃ© cÅ©ng chÆ¡i Ä‘Æ°á»£c thá»i giam. CÃ³ siÃªu nhÃ¢n nÃªn báº¡n nhÃ  mÃ¬nh ráº¥t thÃ­ch hihihi",5
"Cháº¥t liá»‡u: dÃ¢y da
MÃ u sáº¯c: Ä‘en
Äá»“ng há»“ máº·t khÃ¡ to phÃ¹ há»£p cho cÃ¡c báº¡n nam hÆ¡n ná»¯, Ä‘á»“ng há»“ nháº¹ cháº¯c cx dá»…  hÆ° phÃ¹ há»£p vs giÃ¡ tiá»n okeyy",5
"Cháº¥t liá»‡u: kbt
MÃ u sáº¯c: Ä‘en
ÄÃºng vá»›i mÃ´ táº£: Ä‘Ãºng
Ä‘Ãºng vá»›i mÃ´ táº£ hÃ ng ship cÅ©n khÃ¡ nhanh HÃŒNH áº¢NH MANG TÃNH CHáº¤T MINH HOáº  !!!!!!!",5
"Cháº¥t liá»‡u: k bt
MÃ u sáº¯c: há»“ng
ÄÃºng vá»›i mÃ´ táº£: cÃ³
Äáº¹p mÃ  cutii cá»±c lÃºc ms mua vá» mÃ¹i hÆ¡i kinh 1 tÃ½ hoiii mua Ä‘i k tháº¥t vá»ng Ä‘Ã¢uuuu",5
"Cháº¥t liá»‡u: nhá»±a
MÃ u sáº¯c: tráº¯ng
dÃ©p Ä‘áº¹p nhÆ°ng lá»—i vÃ  hÆ¡i hÃ´i nhá»±a áº¡",4
"Cháº¥t liá»‡u: dep
MÃ u sáº¯c: tráº¯ng xanh
ÄÃºng vá»›i mÃ´ táº£: Ä‘Ãºng
Nháº­n hÃ ng láº§n hai nhÆ°ng k Æ°ng nhÆ° láº§n Ä‘áº§u cáº£m giÃ¡c giÃ y váº«n sai kiá»ƒu gÃ¬ áº¥y nhÆ°ng váº«n Æ°ng cáº£m Æ¡n shop",5
"Cháº¥t liá»‡u: váº£i
MÃ u sáº¯c: tráº¯ng
ÄÃºng vá»›i mÃ´ táº£: Ä‘Ãºng
Äáº·t mÃ u Ä‘en nhÆ°ng giao thÃ nh mÃ u tráº¯ng. Giao hÃ ng hÆ¡i lÃ¢u, nhÆ°ng cháº¥t liá»‡u khÃ¡ á»•n. Vá»«a giÃ¡ tiá»n, nÃªn mua",5
"Cháº¥t liá»‡u: k bt
MÃ u sáº¯c: há»“ng
ÄÃºng vá»›i mÃ´ táº£: cÃ³
Äáº¹p mÃ  cutii cá»±c lÃºc ms mua vá» mÃ¹i hÆ¡i kinh 1 tÃ½ hoiii mua Ä‘i k tháº¥t vá»ng Ä‘Ã¢uuuu",5
"Cháº¥t liá»‡u: váº£i
MÃ u sáº¯c: tráº¯ng
ÄÃºng vá»›i mÃ´ táº£: Ä‘Ãºng
Äáº·t mÃ u Ä‘en nhÆ°ng giao thÃ nh mÃ u tráº¯ng. Giao hÃ ng hÆ¡i lÃ¢u, nhÆ°ng cháº¥t liá»‡u khÃ¡ á»•n. Vá»«a giÃ¡ tiá»n, nÃªn mua",5
"Cháº¥t liá»‡u: giÃ y da
MÃ u sáº¯c: tráº¯ng
BÃªn phÃ­a shop: KhÃ´ng bÃ n tá»›i cháº¥t liá»‡u vÃ  cÃ¡c chi tiáº¿t trÃªn giÃ y. Chá»‰ riÃªng pháº§n Ä‘Ã³ng há»™p bÃªn ngoÃ i Ä‘Ã£ máº¥t Ä‘iá»ƒm ( bá»c nilong Ä‘Ã³ng gÃ³i bá»‹ rÃ¡ch), má»Ÿ bá»c nilong ra thÃ¬ tháº¥y há»™p mÃ³p mÃ©o vÃ  cÅ©ng rÃ¡ch 3 chá»— trÃªn há»™p (trong hÃ¬nh cÃ³ chá»¥p). Má»Ÿ tiáº¿p Ä‘Ã´i giÃ y thÃ¬ tháº¥y má»‘c meo cáº£ 2 chiáº¿c á»Ÿ pháº§n bÃªn trong giÃ y (trong clip). Tháº­t sá»± bá» sá»‘ tiá»n 180k ra k lá»›n nhÆ°ng nháº­n hÃ ng kiá»ƒu nÃ y thÃ¬ mÃ¬nh tháº¥y ráº¥t tiáº¿c tiá»n.
BÃªn phÃ­a giao hÃ ng thÃ¬ á»•n, vui váº» nhiá»‡t tÃ¬nh.
MÃ¬nh review chi tiáº¿t Ä‘á»ƒ bÃªn shop chÃº Ã½ láº§n sau Ä‘á»«ng bÃ¡n khÃ´ng cÃ³ tÃ¢m nhÆ° váº­y ná»¯a. BÃ¡n nhÆ° váº­y cháº³ng ai mua Ä‘Ã¢u.",1
Hello cÃ´ Ba phim Viá»‡t Nam nay Ä‘Ã£ cÃ³ mÃ´ mÃ  cÃ²n lÃ  nhá»¯ng ngÆ°á»i khÃ¡c thÃ­ch ná»™i Ä‘Äƒng,5
"Cháº¥t liá»‡u: Ä‘Ãºg
MÃ u sáº¯c: tráº¯ng Ä‘en
ÄÃºng vá»›i mÃ´ táº£: Ä‘Ãºng
Chuáº©n lun Ã© mnğŸ˜€. Äáº¹p nua chá»©, shop cute lÃ©m, shipper nua. Tuyá»‡t vá»i Ã´ng máº·t trá»i. Mang lÃªn ráº¥t Ãªm nha mn. Má»i ngÆ°á»i nÃªn mua vÃ  dÃ¹ng thá»­.Sáº¼ á»¦NG Há»˜ SHOP Láº¦N SAU ğŸ‘ğŸ‘ğŸ‘ğŸ‘",5
"Cháº¥t liá»‡u: dep
MÃ u sáº¯c: tráº¯ng xanh
ÄÃºng vá»›i mÃ´ táº£: Ä‘Ãºng
Nháº­n hÃ ng láº§n hai nhÆ°ng k Æ°ng nhÆ° láº§n Ä‘áº§u cáº£m giÃ¡c giÃ y váº«n sai kiá»ƒu gÃ¬ áº¥y nhÆ°ng váº«n Æ°ng cáº£m Æ¡n shop",5
"Cháº¥t liá»‡u: cao su Ä‘Ãºc
MÃ u sáº¯c: Ä‘en
ÄÃºng vá»›i mÃ´ táº£: Ä‘Ãºng loáº¡i
ÄÃ£ nháº­n Ä‘Æ°á»£c hÃ ng Ä‘Ãºng mÃ u vÃ  cÃ²n Ä‘Æ°á»£c táº·ng thÃªm má»™t Ä‘Ã´i dÃ©p ná»¯a cáº£m Æ¡n shop",5
HÃ ng Ä‘áº¹p cháº¥t lÆ°á»£ng sáº£n pháº©m tá»‘t khuyáº¿n khÃ­ch nÃªn mua giao hÃ ng nhanh,5
"Cháº¥t liá»‡u: coton
MÃ u sáº¯c: Ä‘Ãºng nhÆ° quang cÃ¡o
ÄÃºng vá»›i mÃ´ táº£: Ä‘áº¹p
GiÃ y cháº¥t lÆ°á»£ng tá»‘t thá»i trang phÃ¹ há»£p tÃºi tiá»n",5
"Cháº¥t liá»‡u: da
MÃ u sáº¯c: xanh,xÃ¡m
ÄÃºng vá»›i mÃ´ táº£: Ä‘Ãºng
GiÃ y Ä‘áº¹p láº¯m áº¡ nhÆ°ng mang vÃ o thÃ¬ hÆ¡i khÃ³, cÃ²n Ä‘ag mang thÃ¬ vá»«a, pháº§n Ä‘áº§u giÃ y bá»‹ mÃ³p nhÆ° trong hÃ¬nh áº¡ğŸ¥²ğŸ¥²",4
"Cháº¥t liá»‡u: tá»‘t
MÃ u sáº¯c: Ä‘Ãºng
ÄÃºng vá»›i mÃ´ táº£: Ä‘Ãºng
Tá»‘t ráº¥t Ä‘áº¹p tiá»n napf cá»§a náº¥y nÃªn lÃ  mn Ä‘uqngf coa nghÄ© so do nhiá»u",5
tÃºi Ä‘áº¹p giao hÃ ng láº¡i nhanh ná»¯a vá»«a Ä‘áº·t hÃ´m trc hÃ´m sau vá» luÃ´n shop ráº¥t thÃ¢n thiá»‡n Ä‘áº·c biá»‡t lÃ  cÃ²n nhÃ©t thÃªm vÃ i thá»© Ä‘á»ƒ giá»¯ form tÃºi,5
"HÃ ng ráº¥t Ä‘áº¹p nhÃ  cáº§m má»m dÃ£ man Æ°ng láº¯m .
ÄÃ¡ng mua nha mn  . sáº½ á»§ng há»™ shop trong thá»i gian tá»›i",5
"Cháº¥t liá»‡u: da
MÃ u sáº¯c: Ä‘en
ÄÃºng vá»›i mÃ´ táº£: Ä‘Ãºng
quáº§n bÃªn nhau, cÃ¹ng nhau Ä‘Ã³n chÃ o nhá»¯ng Ä‘iá»u may máº¯n cá»§a nÄƒm má»›i. ÄÃ¢y cÅ©ng lÃ  truyá»n thá»‘ng Ã½ nghÄ©a, nÃ©t Ä‘áº¹p vÄƒn hÃ³a cá»§a dÃ¢n tá»™c Viá»‡t Nam.

Theo lá»‹ch váº¡n niÃªn, mÃ¹ng 1 Táº¿t NguyÃªn Ä‘Ã¡n QuÃ½ MÃ£o 2023 sáº½ rÆ¡i vÃ o Chá»§ nháº­t ngÃ y 22/02/2023.",5
"Cháº¥t liá»‡u: tá»‘t
MÃ u sáº¯c: Ä‘áº¹p
ÄÃºng vá»›i mÃ´ táº£: Ä‘Ãºng vá»›i mÃ´ táº£
HÃ ng ráº¥t Ä‘áº¹p mÃ¬nh sÄƒn Ä‘Ãºng dá»‹p sale nÃªn ráº¥t ráº» cÃ¡c báº¡n nÃªn mua Ä‘á»ƒ ghim cáº·p hoáº·c Ã¡o Ä‘á»u ok nÃªn mua ( hÃ¬nh áº£nh chá»‰ mang tÃ­nh cháº¥t nháº­n xu)",5
"Cháº¥t liá»‡u: vÃ£i
MÃ u sáº¯c: be
ÄÃºng vá»›i mÃ´ táº£: chuáº©n
HÃ¬nh áº£nh chá»‰ mang tÃ­nh cháº¥t nháº­n xu hÆ°á»›ng cá»§a tÆ°Æ¡ng lai lÃ  cá»§a mÃ¬nh lÃ  ngÆ°á»i lá»›n tuá»•i hÆ¡n mÃ¬nh thÃ¬ mÃ¬nh cÅ©ng nÃªn cÃ³ cÃ¡i gÃ¬ cÅ©ng nÃªn cÃ³ cÃ¡i gÃ¬ cÅ©ng nÃªn cÃ³ cÃ¡i gÃ¬ ğŸ¤¨ğŸ˜‚ğŸ˜‚",5
"Cháº¥t liá»‡u: kh bic
MÃ u sáº¯c: Ä‘Ãºng vá»›i mÃ´ táº£
ÄÃºng vá»›i mÃ´ táº£: Ä‘Ãºng vs mÃ´ táº£
hÃ¬nh áº£nh chá»‰ mang tÃ­nh cháº¥t nháº­n xu
nhÆ°ng kÃ­nh quÃ¡ Ä‘áº¹pppp
10Ä‘",5
"Cháº¥t liá»‡u: váº£i
MÃ u sáº¯c: tráº¯ng
ÄÃºng vá»›i mÃ´ táº£: Ä‘Ãºng
Hi hi hi vá»ng sáº½ Ä‘Æ°á»£c Ä‘Æ°a lÃªn sá»›m nháº¥t cÃ³ thá»ƒ lÃ m Ä‘Æ°á»£c Ä‘iá»u Ä‘Ã³ khÃ´ng pháº£i lÃ  ngÆ°á»i cÃ³ thá»ƒ lÃ m Ä‘Æ°á»£c Ä‘iá»u Ä‘Ã³ khÃ´ng pháº£i lÃ  ngÆ°á»i khÃ¡c thÃ­ch Ä‘iá»u nÃ y cÃ³ thá»ƒ lÃ m Ä‘Æ°á»£c Ä‘iá»u",5
"Cháº¥t liá»‡u: km
MÃ u sáº¯c: lk
ÄÃºng vá»›i mÃ´ táº£: ok
ÄÆ°á»£c chÆ°a em Æ¡i anh cÃ³ thá»ƒ lÃ m Ä‘Æ°á»£c khÃ´ng cÃ³ gÃ¬ Ä‘Ã¢u mÃ  khÃ´ng",5
"Cháº¥t lÆ°á»£ng sáº£n pháº©m: tá»‘t
ÄÃºng vá»›i mÃ´ táº£: cÃ³
MOÌ£I THÆ¯Ì SEÌƒ RA ÄI, CHIÌ‰ TIÌ€NH YÃŠU Æ Ì‰ LAÌ£I. â¤ï¸

Má»™t hÃ´m, nhÃ  vÄƒn Franz Kafka (1883 â€“ 1924) Ä‘ang Ä‘i dáº¡o qua cÃ´ng viÃªn Steglitz á»Ÿ Berlin, Ã´ng tháº¥y má»™t em bÃ© Ä‘ang khÃ³c ná»©c ná»Ÿ vÃ¬ Ä‘Ã¡nh máº¥t con bÃºp bÃª yÃªu thÃ­ch. 

Kafka Ä‘Ã£ cÃ¹ng em bÃ© tÃ¬m kiáº¿m con bÃºp bÃª kháº¯p nÆ¡i, nhÆ°ng cuá»‘i cÃ¹ng váº«n khÃ´ng tÃ¬m tháº¥y. Kafka háº¹n gáº·p láº¡i em bÃ© á»Ÿ Ä‘Ã³ vÃ o ngÃ y hÃ´m sau, Ä‘á»ƒ hai chÃº chÃ¡u sáº½ cÃ¹ng tÃ¬m má»™t láº§n ná»¯a.

NgÃ y tiáº¿p Ä‘Ã³, con bÃºp bÃª váº«n báº·t vÃ´ Ã¢m tÃ­n. Kafka bÃ¨n Ä‘Æ°a cho em bÃ© má»™t lÃ¡ thÆ° vÃ  báº£o ráº±ng bÃºp bÃª Ä‘Ã£ nhá» Ã´ng chuyá»ƒn lÃ¡ thÆ° cho em trÆ°á»›c lÃºc rá»i Ä‘i, trong thÆ° viáº¿t: â€œBáº¡n Æ¡i, Ä‘á»«ng khÃ³c. MÃ¬nh Ä‘ang lÃªn Ä‘Æ°á»ng Ä‘á»ƒ nhÃ¬n ngáº¯m tháº¿ giá»›i tuyá»‡t vá»i nÃ y. MÃ¬nh sáº½ viáº¿t thÆ° ká»ƒ cho báº¡n vá» nhá»¯ng cuá»™c phiÃªu lÆ°u cá»§a mÃ¬nh.â€

ÄÃ³ lÃ  khá»Ÿi Ä‘áº§u cho chuá»—i ngÃ y Kafka â€œthay máº·tâ€ bÃºp bÃª chuyá»ƒn thÆ° Ä‘áº¿n em bÃ©.

Má»—i khi gáº·p cÃ´ bÃ©, Kafka Ä‘á»c to nhá»¯ng lÃ¡ thÆ° phiÃªu lÆ°u Ä‘Æ°á»£c Ã´ng sÃ¡ng tÃ¡c. Nhá»¯ng cuá»™c trÃ² chuyá»‡n vá» con bÃºp bÃª yÃªu dáº¥u khiáº¿n em bÃ© mÃª máº©n. 

Trong láº§n gáº·p cuá»‘i cÃ¹ng, Kafka Ä‘á»c lÃ¡ thÆ° ká»ƒ chuyá»‡n con bÃºp bÃª Ä‘Ã£ trá»Ÿ láº¡i Berlin, vÃ  sau Ä‘Ã³, Ã´ng Ä‘Æ°a cho em bÃ© má»™t con bÃºp bÃª khÃ¡c mÃ  Ã´ng Ä‘Ã£ mua táº·ng em. Táº¥t nhiÃªn, con bÃºp bÃª nÃ y khÃ´ng thá»ƒ giá»‘ng vá»›i con bÃºp bÃª cÅ©, vÃ¬ tháº¿ Kafka Ä‘Ã­nh kÃ¨m má»™t lÃ¡ thÆ° giáº£i thÃ­ch ráº±ng: â€œNhá»¯ng chuyáº¿n Ä‘i Ä‘Ã£ thay Ä‘á»•i báº£n thÃ¢n mÃ¬nh.â€
Em bÃ© Ã´m con bÃºp bÃª má»›i vÃ  mang nÃ³ vá» nhÃ  trong niá»m háº¡nh phÃºc vÃ´ bá».

Má»™t nÄƒm sau, Kafka qua Ä‘á»i.

Nhiá»u nÄƒm trÃ´i qua, em bÃ© trá»Ÿ thÃ nh má»™t cÃ´ gÃ¡i tráº». Trong má»™t láº§n dá»n dáº¹p Ä‘á»“ cÅ©, cÃ´ báº¥t ngá» tÃ¬m tháº¥y má»™t lÃ¡ thÆ° nhÃ©t trong con bÃºp bÃª. Bá»©c thÆ° bÃ¬nh dá»‹, cÃ³ chá»¯ kÃ½ cá»§a Kafka: â€œMá»i Ä‘iá»u mÃ  chÃ¡u yÃªu quÃ½ cÃ³ láº½ rá»“i sáº½ máº¥t Ä‘i, nhÆ°ng cuá»‘i cÃ¹ng, tÃ¬nh yÃªu sáº½ trá»Ÿ láº¡i trong má»™t hÃ¬nh hÃ i khÃ¡c.â€",5
"Cháº¥t liá»‡u: k bic
MÃ u sáº¯c: báº¡c
ÄÃºng vá»›i mÃ´ táº£: Ä‘Ãºng
Sp tá»‘t sáº½ á»§ng há»™ láº§n sau
HÃ¬nh áº£nh mang tÃ­nh nháº­n xu",5
"Cháº¥t lÆ°á»£ng sáº£n pháº©m: bá»n
ÄÃºng vá»›i mÃ´ táº£: Ä‘Æ°á»£c
ÄÃ³ng gÃ³i ká»¹ giao nhanh cháº¥t lÆ°á»£ng sáº£n pháº©m tá»‘t",5
"CÅ©ng lÃ  trá»™m chÃ³ nhÆ°ng mÃ  sao nÃ³ láº¡ láº¯m ğŸ¥²

BÃ© chÃ³ Labrado bá»‹ trá»™m báº¯t vÃ o 25/9 táº¡i Ä‘Æ°á»ng 3/2, P.14, Q.10. HÃ¬nh áº£nh Ä‘Æ°á»£c trÃ­ch xuáº¥t tá»« Camera gáº§n Ä‘áº¥y ğŸ¤§

- Tham Tran -",5
"Cháº¥t lÆ°á»£ng sáº£n pháº©m: oki
ÄÃºng vá»›i mÃ´ táº£: ko Ä‘Ãºng vs mÃ´ táº£
GiÃ y ráº¥t Ä‘áº¹p nha má»i ngÆ°á»i",5
"HÆ°Æ¡ng vá»‹: tÃ©p, hÃ nh phi
Bao bÃ¬/Máº«u mÃ£: ok
69k/combo. BÃ¡nh trÃ¡ng, bÆ¡, muá»‘i rÆ°á»‘c hÃ nh phi
BÃ¡nh trÃ¡ng thiáº¿u ko Ä‘c Ä‘á»§ láº¡ng nhÆ° shop mÃ´ táº£, nhÆ°ng bÃ¡nh má»ng, dáº»o dai, má»m vá»«a Äƒn ráº¥t ngon, láº§n Ä‘áº§u tiÃªn mua Ä‘c loáº¡i bÃ¡nh trÃ¡ng hÃ i lÃ²ng Ä‘áº¿n váº­y. MÃ¬n Ä‘Ã£ thá»­ cá»§a nhÃ¬u shop nhÆ°ng Ä‘Ã¢y lÃ  shop Ä‘áº§u tiÃªn tháº¥y mÃ³n nÃ o cÅ©ng ngon, bÆ¡, bÃ¡nh trÃ¡ng, muá»‘i rÆ°á»‘c ráº¥t ngon, muá»‘i tÃ©p ngá»t vá»«a váº·n Äƒn ráº¥t cuá»‘nğŸ‘ğŸ‘ğŸ‘ğŸ‘ğŸ¥°ğŸ¥°",5
"HÆ°Æ¡ng vá»‹: á»« thÃ¬ Ä‘Ã³ lÃ  lÃ½ do tui k cÃ³ thá»ƒ xem Ä‘Æ°á»£c cÃ¢u tráº£ lá»i thÃ­ch Ä‘Ã¡ng cho nhá»¯ng ngÆ°á»i thÃ¢
Bao bÃ¬/Máº«u mÃ£: hÃ´m qua lÃºc Ä‘Ã³ t cx k á»§y ban nhÃ¢n dÃ¢n tá»‰nh thÃ nh phá»‘ ThÃ¡i BÃ¬nh DÆ°Æ¡ng mÆ°á»£n sáº¡c pin nÄƒng lÆ°á»£ng máº·t trá»i nha a private message to láº¯m
Äá»‘i tÆ°á»£ng sá»­ dá»¥ng: JD power point Ä‘áº­u nÃ nh vÃ  Ä‘áº­u nÃ nh vÃ  Ä‘áº­u nÃ nh vÃ  Ä‘áº­u nÃ nh vÃ  Ä‘áº­u nÃ nh vÃ  Ä‘áº­u nÃ nh vÃ  Ä‘áº­u nÃ nh vÃ  Ä‘áº­u nÃ nh vÃ  cÃ³ tiá»n sá»­ lÃ½ do m
Nhá»¯ng teen trang trÃ­ ná»™i dung áº¿ áº©m lead vÃ  sh Ä‘á»“ng loáº¡t tÄƒng giÃ¡ trá»‹ cá»§a t thÃ¬ t cx k bt nx cÆ¡ quan chá»©c nÄƒng lÆ°á»£ng máº·t trá»i nha a private",5
"HÆ°Æ¡ng vá»‹: ngon
Bao bÃ¬/Máº«u mÃ£: nhÆ° mÃ´ táº£
ÄÃ£ nháº­n hÃ ng. Vá»‹ khÃ¡ ok, toÃ n gáº¡o lá»©t Ã­t tháº¥y háº¡t chÃ  bÃ´ng nhiá»u",5
Cháº¥t lÆ°á»£ng tá»‘t sáº½ á»§ng há»™ lÃ¢u dÃ i háº¡t Ä‘áº­u lÄƒng Äƒn ráº¥t bá»Ÿ vÃ  ngon ! Shop Ä‘Ã³ng gÃ³i cáº©n tháº­n ship hÃ ng nhanh !,5
"HÆ°Æ¡ng vá»‹: ngon
Bao bÃ¬/Máº«u mÃ£: ok
Ä‚n cá»±c kÃ¬ ngon luÃ´n Ã½ chÆ°a bao mÃ¬nh mua á»Ÿ Ä‘Ã¢u má» háº¡n sx má»›i hÃ´m qua mÃ  hÃ´m nay mÃ¬nh nháº­n",5
"Sáº£n pháº©m vá» nguyÃªn váº¹n, okay. Cháº¥t lÆ°á»£ng nhÆ° mong Ä‘á»£i. á»”n áº¥p nhÃ©. It's alright",5
"Cháº¥t lÆ°á»£ng sáº£n pháº©m: the
ÄÃºng vá»›i mÃ´ táº£: and
T is a good time and I think she is a great friend tiáº¿t the first",5
"Tai khoan cua Quy khach sap het. Soan:
1 gui 211 de ung 25 phut noi mang (794d/p), su dung trong 7 ngay
2 gui 211 de ung 14 phut ngoai mang (1.369d/p), su dung trong 7 ngay
3 gui 211 de ung 85 tin nhan noi mang (230d/tin), su dung trong 15 ngay
4 gui 211 de ung 20 tin nhan ngoai mang (313d/tin), su dung trong 7 ngay
Chi tiet LH 198 (mien phi).",5
"Cháº¥t lÆ°á»£ng sáº£n pháº©m: tá»‘t
ÄÃºng vá»›i mÃ´ táº£: Ä‘Ãºng
Tgfffxtdtxyddyfyyfyfyffuf7f7f7f7f7ff7vrrcrc7fc",5
ÄÃºng vá»›i sáº£n pháº©m Ä‘áº¹p cháº¥t lÆ°á»£ng phÃ¹ há»£p vá»›i giÃ¡ tiá»n nÃªn mua Ä‘Ã¡nh giÃ¡ 5sao luÃ´n,5
"Cháº¥t lÆ°á»£ng sáº£n pháº©m: Ä‘Ãºng vá»›i mÃ´ táº£
Em nÃ³i Ä‘i em Æ¡i Ä‘i chÆ¡i vui quÃ¡ Ä‘i lÃ m r cho anh Ä‘i Ä‘Ã¡nh rÄƒng nÃ y lÃ  em cÃ³ thá»ƒ nÃ³i lÃ  em cÃ³ thá»ƒ lÃ  má»™t tÃ­ thÃ´i mÃ  anh xin lÃµi em cÃ³ nÃ³i lÃ  anh cÃ³ j Ä‘Ã¢u cÃ³ biáº¿t lÃ  em Ä‘ang cáº§m lap Ä‘i há»c nghá» ba t k lÃ  má»™t loÃ i bÆ°á»›m Ä‘Ãªm trong khi nÃ o vá» em sáº½ cá»‘ lÃªn cá»‘ tÃ¬nh lÃ m j háº¿t rá»“i anh Æ¡i",5
"Cháº¥t lÆ°á»£ng sáº£n pháº©m: tá»‘t
ÄÃºng vá»›i mÃ´ táº£: Ä‘Ãºng
Náº¿u váº¥n Ä‘á» nghá»‹ luáº­n yÃªu cáº§u thÃ­ sinh rÃºt ra Ã½ nghÄ©a tá»« vÄƒn báº£n thÃ¬ pháº£i xÃ¡c Ä‘á»‹nh cho Ä‘Ãºng Ä‘á»ƒ má»Ÿ Ä‘oáº¡n Ä‘Ãºng hÆ°á»›ng, náº¿u khÃ´ng xem nhÆ° láº¡c Ä‘á». Náº¿u Ä‘á» cho lÃ  má»™t ngá»¯ liá»‡u trÃ­ch dáº«n tá»« vÄƒn báº£n thÃ¬ nÃªn dÃ¹ng nÃ³ Ä‘á»ƒ má»Ÿ Ä‘oáº¡n trá»±c tiáº¿p.(hÃ¬nh áº£nh mang tÃ­nh cháº¥t nháº­n xu) (video cá»§a lÅ© tráº©u)",5
"ÄÃºng vá»›i mÃ´ táº£: Ráº¥t Ä‘Ãºng vá»›i mÃ´ táº£
Cháº¥t lÆ°á»£ng sáº£n pháº©m: Cháº¥t lÆ°á»£ng sáº£n pháº©m tuyá»‡t vá»i áº¡
HÃ ng dÃ¹ng ráº¥t oke áº¡",5
CÃ²i to rÃµ..khÃ´ng cÃ³ tiá»n mua xe máº¥y nÃªn láº¯m táº¡m vÃ o xe Ä‘ap......,5
"Cháº¥t lÆ°á»£ng sáº£n pháº©m: dÃ y dáº·n hÆ¡n cÃ¡c tem kia
ÄÃºng vá»›i mÃ´ táº£: ok la
Tem lá»›n giÃºp che khuyáº¿t Ä‘iá»ƒm cá»§a xe, khuyÃªn má»i ngÆ°á»i ra tiá»‡m dÃ¡n decal xe Ä‘á»ƒ lÃ m, mÃ¬nh dÃ¡n toÃ n lá»™t ra dÃ¡n láº¡i do bá»t khÃ­ nhÆ°ng Ä‘c cÃ¡i lá»™t ra liÃªn tá»¥c ko áº£nh hÆ°á»Ÿng Ä‘áº¿n sáº£n pháº©m, mÃ u cho xe Ä‘á» cá», Ä‘á» candy thÃ¬ chá»‹u, nÃ y thÃªm Ä‘Ã¨n zhipat cam thÃ¬ Ä‘Ãºng bÃ i  ğŸ¤£ hehehe Ã  mÃ  giao hÃ ng nhanh nha, báº¯c xuá»‘ng nam chá»‰ máº¥t 3 ngÃ y lÃ  tá»›i nhÃ ",5
"ğ— ğ—¢Ì£Ì‚ğ—§ ğ—¤ğ—¨ğ—”Ìğ—¡ ğ—–ğ—”ğ—™ğ—˜ ğ—•ğ—œÌ€ğ—¡ğ—› ğ—¬ğ—˜Ì‚ğ—¡ ğ—šğ—œğ—¨Ì›Ìƒğ—” ğ—Ÿğ—¢Ì€ğ—¡ğ—š ğ——ğ—” ğ—Ÿğ—”ğ—§ ğŸŒ²ğŸŒ²ğŸŒ²

â–«ï¸ ğ—”ğ—ºğ—¶ ğ—šğ—®ğ—¿ğ—±ğ—²ğ—» - má»™t quÃ¡n cafe nÃ©p mÃ¬nh trÃªn ngá»n Ä‘á»“i nhá». Bao quanh lÃ  rá»«ng thÃ´ng xanh mÃ¡t, tá»« Ä‘Ã¢y báº¡n cÃ³ thá»ƒ ngáº¯m nhÃ¬n toÃ n thÃ nh phá»‘ ÄÃ  Láº¡t tuyá»‡t Ä‘áº¹p, an tÄ©nh vÃ  bÃ¬nh yÃªn. 

â–«ï¸ ğ—”ğ—ºğ—¶ ğ—šğ—®ğ—¿ğ—±ğ—²ğ—» cÃ³ nhá»¯ng con Ä‘Æ°á»ng táº£n bá»™ nÃªn thÆ¡, cÃ³ nhá»¯ng vÆ°á»n hoa xinh xáº¯n, cÃ³ nhá»¯ng chiáº¿c gháº¿ áº©n mÃ¬nh dÆ°á»›i tÃ¡n cÃ¢y vÃ  cÃ³ nhá»¯ng gÃ³c check in Ä‘áº§y thi vá»‹. 

â–«ï¸ ğ—”ğ—ºğ—¶ ğ—šğ—®ğ—¿ğ—±ğ—²ğ—» cÃ²n cÃ³ nhá»¯ng khoáº£ng thá»i gian tháº­t Ä‘áº¹p, sÃ¡ng chill chill khi náº¯ng vÃ ng Æ°Æ¡m thÃ nh phá»‘, chiá»u Ä‘Ã³n hoÃ ng hÃ´n vÃ ng rá»±c má»™t vÃ¹ng trá»i, tá»‘i nÆ°á»›ng ngÃ´, khoai, má»±c thÆ°á»Ÿng thá»©c ly Vang ngáº¯m ÄÃ  Láº¡t lÃªn Ä‘Ã¨n.

Giá»¯a khÃ´ng gian Ã´m trá»n váº» Ä‘áº¹p cá»§a thiÃªn nhiÃªn nhÆ° tháº¿, chÃºng ta cÃ¹ng háº¹n nhau hÃ­t hÃ  khÃ­ trá»i trong lÃ nh, táº­n hÆ°á»Ÿng chÃºt se láº¡nh vÃ  ngáº¯m nhÃ¬n khung cáº£nh thÆ¡ má»™ng cá»§a cáº£ vÃ¹ng trá»i nhá», báº¡n nhÃ©!!!!

-------
ğŸ‘‰ ğ—–ğ—›ğ—¨ğ—¢Ì‚Ìƒğ—œ ğ—–ğ—”ğ—™ğ—˜ ğ—”ğ— ğ—œ ğ—šğ—”ğ—¥ğ——ğ—˜ğ—¡ - ğŸ¬ğŸµğŸ¬ğŸ´ğŸ´ğŸ´ğŸ´ğŸ³ğŸ´ğŸ´

ğŸ“Œ Ami garden ÄÃ  Láº¡t(view Tp ÄÃ  Láº¡t, open: 7:00-23:00): 9F Äá»‘ng Äa PhÆ°á»ng 3 Tp ÄÃ  Láº¡t
ğŸ“Œ TreeAmi Garden Vá»‡ Há»“ (view Há»“ TÃ¢y, open 24/7): 181 phá»‘ Vá»‡ Há»“, phÆ°á»ng XuÃ¢n La quáº­n TÃ¢y Há»“ Tp HÃ  Ná»™i
ğŸ“Œ TreeAmi Garden Nháº­t ChiÃªu (view Há»“ TÃ¢y, open 6:30-24:00): 25 Nháº­t ChiÃªu, phÆ°á»ng Nháº­t TÃ¢n quáº­n TÃ¢y Há»“ Tp HÃ  Ná»™i",5
"Cháº¥t lÆ°á»£ng sáº£n pháº©m: tuyá»‡t vá»i
ÄÃºng vá»›i mÃ´ táº£: Ä‘Ãºng
hÃ ng Ä‘áº¹p áº¡! TrÃ¢n trá»ng gá»­i tá»›i quÃ½ vá»‹ Ä‘á»™c giáº£ lá»‹ch thi Ä‘áº¥u bÃ³ng Ä‘Ã¡ hÃ´m nay vÃ  ngÃ y mai Ä‘Æ°á»£c cáº­p nháº­t má»›i nháº¥t, chÃ­nh xÃ¡c nháº¥t cá»§a cÃ¡c giáº£i Ä‘áº¥u.",5
"ÄÃºng vá»›i mÃ´ táº£: tá»‘t
Cháº¥t lÆ°á»£ng sáº£n pháº©m: tá»‘t
CÃ³ nhá»¯ng ngÃ y nhÃ¬n Ä‘Ã¢u cÅ©ng tháº¥y má»‡t má»i, chÃ¡n náº£n Ä‘áº¿n táº­n cÃ¹ng, tÃ¢m tráº¡ng Ä‘á»™t nhiÃªn bá»‹ chÃ¹ng xuá»‘ng, em nhÆ° muá»‘n phÃ¡t Ä‘iÃªn vá»›i nhá»¯ng Ä‘iá»u Ä‘ang diá»…n ra. 

Chá»‰ mong sao vÃ o nhá»¯ng ngÃ y nhÆ° tháº¿, dáº«u em cÃ³ Ä‘Ã´i chÃºt cau mÃ y cÃ¡u gáº¯t, láº±ng nháº±ng láº¯m lá»i, hay giá»Ÿ trÃ² giáº­n há»n vÃ´ lÃ½ vá»›i anh... Anh cÅ©ng sáº½ khÃ´ng cáº£m tháº¥y chÃ¡n chÆ°á»ng vÃ  bá»›t yÃªu em.
--
#Cuá»™c_Ä‘á»i_ngáº¯n_láº¯m_Ä‘á»«ng_Ã´m_muá»™n_phiá»n
ğŸŒºLink Ä‘áº·t sÃ¡ch:
- Shopee: https://tinyurl.com/cuocdoinganlam-shoppee
- Tiki: https://tinyurl.com/cuocdoingan-tiki",5
"Giao cÃ³ máº¥y táº¥m giáº¥y hÃ , mÃ  shop Ä‘áº§u tÆ° cÃ¡i há»™p báº£o vá»‡ dá»¯, giá» cÃ¡i há»™p dÃ y, cá»©ng nhÆ° nÃ y mÃ¬nh k ná»¡ vá»©t bá» luÃ´n Ã¡ ğŸ˜„",5
"Cháº¥t lÆ°á»£ng sáº£n pháº©m: nhá»±a háº¡i
ÄÃºng vá»›i mÃ´ táº£: Ä‘Ãºng
HÃ¬nh áº£nh chá»‰ mang tÃ­nh cháº¥t nháº­n xu
Cháº¥t lÆ°á»£ng á»•n ğŸ‘ŒğŸ‘ŒğŸ‘ŒğŸ‘ŒğŸ‘ŒğŸ‘ŒğŸ‘ŒğŸ‘ŒğŸ‘ŒğŸ‘ŒğŸ‘ŒğŸ‘ŒğŸ‘ŒğŸ‘ŒğŸ‘ŒğŸ‘ŒğŸ‘ŒğŸ‘ŒğŸ‘ŒğŸ‘ŒğŸ‘ŒğŸ‘ŒğŸ‘ŒğŸ‘ŒğŸ‘ŒğŸ‘ŒğŸ‘ŒğŸ‘ŒğŸ‘ŒğŸ‘ŒğŸ‘ŒğŸ‘ŒğŸ‘ŒğŸ‘ŒğŸ‘ŒğŸ‘ŒğŸ‘Œ",5
"Cháº¥t lÆ°á»£ng sáº£n pháº©m: cá»©ng, bá»n
ÄÃºng vá»›i mÃ´ táº£: khÃ¡
BÃºt Ä‘áº¹p, mÃ u sÃ¡ng k tráº§y xÆ°á»›c, k cong, bÃºt cÃ³ tháº¿ thÃ¡o ra Ä‘á»ƒ lÃ m nháº¹ bÃºt,... hÃ i lÃ²ng vá» sáº£n pháº©m.",5
"Cháº¥t lÆ°á»£ng sáº£n pháº©m: ko nÃªnnnn mua nha ra nhÃ  sÃ¡ch bÃ¡n cÃ³ 5k
HÃ¬nh áº£nh mang tÃ­nh cháº¥t nháº­n xu",5
"Cháº¥t lÆ°á»£ng sáº£n pháº©m: Ä‘Ãºng
OK cancel Ä‘á»ƒ Ã½ Ä‘áº¿n h em ik Ã¢y da trá»i tá»‘t nháº¥t lÃ  khi nÃ o ah ngá»§ ngon lÃ nh thÃ¢n thiá»‡n vá»›i mÃ´i trÆ°á»ng cÅ© toÃ n quá»‘c láº§n thá»© hai trÃªn báº£ng tá»•ng káº¿t quáº£ tÃ¡o chÃ­n tá»›i thÃ¬ ah nt trc máº·t k cÃ³ vc lÃªn tiáº¿ng pháº£n á»©ng vá»›i ah nÃ o hickey cho thuÃª xÃ£ TÃ¢n ThÃ nh quáº­n cÃ¡i quáº§n áº¥y khÃ´ng nháº¯n vá»›i ná»™i tháº¥t vá»ng vá»›i em Ä‘oÃ¡ há»“ng ngoáº¡i cÃ³ má»™t sá»‘ ngÆ°á»i dÃ¢n Ä‘á»‹a áº¥y khÃ´ng pháº£i tháº¿ khÃ´ng nháº¯n vá»›i ná»™i tháº¥t thÆ°á»ng ho r",5
"Cháº¥t lÆ°á»£ng sáº£n pháº©m: tá»‘t
ÄÃºng vá»›i mÃ´ táº£: Ä‘Ãºng
Äá»€ CÆ¯Æ NG MÃ”N Lá»ŠCH Sá»¬ VÄ‚N MINH THáº¾ GIá»šIVáº¥n Ä‘á» 1: KhÃ¡i niá»‡m â€œ vÄƒn hÃ³a â€œ , â€œ vÄƒn minh â€œ?1.  VÄƒn minh lÃ  gÃ¬?-  VÄƒn minh lÃ  tráº¡ng thÃ¡i tiáº¿n bá»™ vá» cáº£ hai máº·t váº­t cháº¥t láº«n tinh tháº§n cá»§a xÃ£ há»™i loÃ i ngÆ°á»i, tá»©clÃ  tráº¡ng thÃ¡i phÃ¡t triá»ƒn cao cá»§a ná»n vÄƒn hÃ³a. TrÃ¡i vá»›i vÄƒn minh lÃ  dÃ£ man.VÃ­ dá»¥: vÄƒn minh phÆ°Æ¡ng ÄÃ´ng, vÄƒn minh Hy Láº¡p-  Chá»¯ vÄƒn minh trong tiáº¿ng PhÃ¡p civilisation, trong tiáº¿ng Anh lÃ  civilization, cÃ²n cÃ³ nghÄ©a lÃ hoáº¡t Ä‘á»™ng khai hÃ³a, lÃ m thoÃ¡t khá»i tráº¡ng thÃ¡i nguyÃªn thá»§y. Khi Ä‘á»‹nh nghÄ©a vÄƒn minh ngÆ°á»i taÄ‘Ã£ Ä‘á» cáº­p Ä‘áº¿n má»™t khÃ¡i niá»‡m má»›i, Ä‘Ã³ lÃ  vÄƒn hÃ³a.2.  VÄƒn hÃ³a lÃ  gÃ¬?-   VÄƒn hÃ³a lÃ  má»™t tá»« tiáº¿ng HÃ¡n, do LÆ°u HÆ°á»›ng, ngÆ°á»i TÃ¢y HÃ¡n nÃªu ra Ä‘áº§u tiÃªn. NhÆ°ng lÃºcbáº¥y giá» hai chá»¯ vÄƒn hÃ³a cÃ³ â€œdÃ¹ng vÄƒn Ä‘á»ƒ hÃ³aâ€.-  Thá»i cáº­n Ä‘áº¡i nghÄ©a cá»§a chá»¯ cÃ³ pháº§n khÃ¡c trÆ°á»›c. Chá»¯ vÄƒn hÃ³a trong tiáº¿ng Anh vÃ  tiáº¿ng PhÃ¡plÃ  culture, cÃ³ nguá»“n gá»‘c tá»« chá»¯ La tinh lÃ  cultura, nghÄ©a lÃ  trá»“ng trá»t, cÆ° trÃº, luyá»‡n táº­p, lÆ°utÃ¢mâ€¦- Äáº¿n giá»¯a tháº¿ ká»‰ XIX do sá»± phÃ¡t triá»ƒn cá»§a",5
"Cháº¥t lÆ°á»£ng sáº£n pháº©m: dep
MÃ u nÃ y khÃ¡ lÃ  Ä‘áº¹p ráº¥t Ä‘Ã¡ng mua :)!â‚«/&!/?!:)â‚«:â‚«!!:!:!:!!:,",5
"HÃ ng ok láº¯m áº¡, giao hÃ nh nhanh láº¯m luÃ´n Ã½. ( hÃ¬nh áº£nh mang tÃ­nh cháº¥t nháº­n xu)",5
"Cháº¥t liá»‡u: Ä‘áº¹p láº¯m
MÃ u sáº¯c: Ä‘en
ÄÃºng vá»›i mÃ´ táº£: Ä‘Ãºng
balo Ä‘áº¹p ghÃª. vÃ i dÃ y láº¯m, cÃ³ chá»‘ng nÆ°á»›c nha máº¥y bá»“. mÃ¬nh mua combo nhÆ°ng mÃ  máº¥y cÃ¡i Ä‘á»“ kia chÆ°a cÃ³ dÃ¹ng tá»›i nhÆ°ng mÃ  cÅ©ng Ä‘áº¹p láº¯m Ã¡. cÃ³ máº¥y sticker xinh xinh, Ä‘Ã¡g mua nha mn",5
Cháº¥t liá»‡u khÃ¡ ok giÃ¡ láº¡i ráº»! Ráº¥t thá»i trang ae muá»‘n chÃ¡y phá»‘ nÃªn mua nha,5
"Cháº¥t liá»‡u: ngoÃ i da trong váº£i
MÃ u sáº¯c: nÃ¢u cÃ  phÃª
ÄÃºng vá»›i mÃ´ táº£: chuáº©n
VÃ­ nam váº£i da, Ä‘Æ°á»ng chá»‰ Ä‘áº¹p mÃ u nÃ©t 
DÃ¹ng cáº©n tháº­n lÃ  Ä‘Æ°á»£c",4
"Äáº§m Ä‘áº¹p cá»±c mua cho bÃ© nhÃ  mÃ¬nh ngoÃ i báº¯c trá»i Ä‘ang láº¡nh máº·c cÅ©ng ok , xinh ht sá»©c hÃ  , chá»n lá»¥a xem cmt kÄ© láº¯m má»›i dÃ¡m mua Ä‘Ã³ máº¥y mom",5
"Giao hÃ ng nhanh, Ä‘Ã³ng gÃ³i cáº©n tháº­n, k biáº¿t cÃ³ dÃ¹ng Ä‘c lÃ¢u k",4
"Size 24-25 kg mÃ  nhá» xÃ­u 20kg máº·c cÃ²n k vá»«a, chÃº Ã½ bÃ¡o size cho Ä‘Ãºng giÃºp ngÆ°á»i mua, coi nhÆ° bá» cÃ¡i vÃ¡y, máº¥t tiá»n máº·c k vá»«a.",1
"Cháº¥t lÆ°á»£ng sáº£n pháº©m: dá»… thÆ°Æ¡ng
Bao bÃ¬/Máº«u mÃ£: hÃ ng giá»‘ng hÃ¬nh
Äá»™ tuá»•i sá»­ dá»¥ng: quÃ¡ ung Ã½
em Ä‘i lÃ m gÃ¬ Ä‘Ã³ em Ä‘i lÃ m vá» nhÃ  Äƒn khum khum biáº¿t gÃ²i c Æ¡i em cÃ³ thá»ƒ lÃ m gÃ¬ mÃ  em Ä‘i Äƒn sÃ¡ng t hong cÃ³ thá»ƒ lÃ m Ä‘Æ°á»£c gÃ¬",5
"Cháº¥t lÆ°á»£ng sáº£n pháº©m: tá»‘t
Bao bÃ¬/Máº«u mÃ£: Ä‘áº¹p
Äá»™ tuá»•i sá»­ dá»¥ng: Ä‘á»u Ä‘Æ°á»£c
Giao hÃ ng nhanh , cháº¥t lÆ°á»£ng tá»‘t , nhÆ°ng bá»‹ thiáº¿u 1 cÃ¡i bÃºa",5
"Cháº¥t lÆ°á»£ng sáº£n pháº©m: Tuyá»‡t vá»i
Bao bÃ¬/Máº«u mÃ£: Cháº¥t lÆ°á»£ng
LÃºc Ä‘áº§u mÃ¬nh Ä‘áº·t shop cÃ³ giao nháº§m cho mÃ¬nh con 20cm nhÆ°ng liÃªn láº¡c ká»‹p, shop chu Ä‘Ã¡o chá»‰ cÃ¡ch Ä‘á»•i láº¡i hÃ ng. Shop oke, Gáº¥u dá»… thÆ°Æ¡ng láº¯m m.n :333",5
"Cháº¥t lÆ°á»£ng sáº£n pháº©m: ok
Bao bÃ¬/Máº«u mÃ£: mua 2 giao 1 lÃ  saoo
Äá»™ tuá»•i sá»­ dá»¥ng: 50
HÃ¬nh qngr cá»§a a ba nÄƒm sau ngÃ y ná»¯a anh yÃªu má»™t ngÆ°á»i Ä‘Ã n Ã´ng khÃ¡c cá»§a mÃ¬nh vá»›i nha",5
"Lego Ä‘áº¹p vÃ  sá»‹n quÃ¡ nha mn. con nhÃ  mÃ¬nh ráº¥t thÃ­ch, mÃ¬nh vÃ´ cÃ¹ng hÃ i lÃ²ng vá»›i shop. Äáº·c biá»‡t tháº¥y chá»§ shop tÆ° váº¥n ráº¥t nháº¹ nhÃ ng, nÃ³i chuyá»‡n dá»… nghe. Há»©a láº§n sau mÃ¬nh sáº½ láº¡i á»§ng há»™, cáº£ nhÃ  nÃªn mua nhÃ©. Táº·ng shop 5 sao",5
"ğŸ‘‰Cáº§n t.uyá»ƒnn diá»…n viÃªn lá»“ng tiáº¿ng ğŸ‘ˆ.
Há»c lá»“ng tiáº¿ng 0nlin.e , dÃ¹ng giá»ng nÃ³i , Ã¢m thanh Ä‘á»ƒ kiáº¿m lÆ°Æ¡ngg cao 
Ná»™i dung cÃ´ng viá»‡c : Lá»“ng tiáº¿ng phim , lá»“ng tiáº¿ng truyá»‡n, tiá»ƒu thuyáº¿t  
Y.Ãªu cáº§u : Tiáº¿ng phá»• thÃ´ng chuáº©n thuáº§n khiáº¿t , cÃ³ giá»ng tÃ¬nh cáº£m ,  na/m / n/á»¯ Ä‘á»u cÃ³ thá»ƒ thamm gia !
LÆ°Æ¡ngg : 
Lá»“ng tiáº¿ng  tiá»ƒu thuyáº¿t  2oo.oooVND  1 trang
Lá»“ng tiáº¿ng phim 5oo.oooVND 1 trang 
Thá»i gian tá»± do , tráº£ lÆ°Æ¡n.g theo ngÃ y , lÃ mm nhiá»u hÆ°á»Ÿng nhiá»u",5
"MÃ¬nh quÃªn chunp hinht, nhÆ°ng Æ°ng láº¯m giao hÃ ng nhanh Ä‘Ã¡ng muaaa",5
"MÃ¹a Ä‘Ã´ng uá»‘ng ráº¥t há»£p, ráº¥t áº¥m, thÆ¡m. trÆ°á»›c á»Ÿ quáº£ng chÃ¢u mÃ¬nh hay dÃ¹ng Ä‘áº¡i há»“ng bÃ o. Vá» 3 nÄƒm nay má»›i tÃ¬m Ä‘c chá»— bÃ¡n vá»«a miá»‡ng mÃ¬nh tháº¿ nÃ y.",5
"Cháº¥t lÆ°á»£ng sáº£n pháº©m: tá»‘t
ÄÃºng vá»›i mÃ´ táº£: Ä‘Ãºng
Sáº£n pháº©m Ä‘Ãºng nhÆ° hÃ¬nh áº£nh, Ä‘Ã³ng gÃ³i cáº©n tháº­n, giao hÃ ng ok",5
MÃ£ chÃ­nh xÃ¡c ok áº¡aaaaaaaaazaaazsssszsssszszzzzzzzzzzzzzz,5
"VÃ© gá»­i nhanh, chá»‰ cáº§n mua trÆ°á»›c khi Ä‘i lÃ  ok. Ráº» hÆ¡n khi mua trá»±c tiáº¿p nhÃ© má»i ngÆ°á»i.",5
