category_name,products
Thời Trang Nam,"['https://shopee.vn/%C3%81O-KHO%C3%81C-PHAO-NAM-BOMBER-TR%E1%BA%BA-TRUNG-C%C3%81-T%C3%8DNH-CH%E1%BA%A6N-B%C3%94NG-3-L%E1%BB%9AP-C%E1%BB%B0C-%E1%BA%A4M-BEMINE-MEN-JK-068-i.77256939.23802903305?sp_atk=d828a362-0e49-4638-a50f-7b2348a141a7&xptdk=d828a362-0e49-4638-a50f-7b2348a141a7', 'https://shopee.vn/Tee-basic-ss1-CREWZ-%C3%A1o-thun-tay-l%E1%BB%A1-unisex-Local-Brand-AO_THUN_DVR-(V427)-i.37101020.13482385000?sp_atk=dab9ffb0-f662-485c-8412-6663d311aa9a&xptdk=dab9ffb0-f662-485c-8412-6663d311aa9a', 'https://shopee.vn/%C3%81o-hoodie-nam-%C3%81o-kho%C3%A1c-hoodie-N%E1%BB%89-Nam-Thu-%C4%90%C3%B4ng-(-BOON-)-%C4%91%E1%BB%A7-size-Cao-C%E1%BA%A5p-D%C6%B0%E1%BB%9Bi-70kg-ch%C6%A1i-noel-i.313347123.4068134461?sp_atk=13a26338-f5ec-4dce-84e0-c884d7af22b6&xptdk=13a26338-f5ec-4dce-84e0-c884d7af22b6', 'https://shopee.vn/-H%C3%80NG-HI%E1%BB%86U-Th%E1%BA%AFt-L%C6%B0ng-Da-Nam-Kh%C3%B3a-T%E1%BB%B1-%C4%90%E1%BB%99ng-Cao-C%E1%BA%A5p-D%C3%A2y-N%E1%BB%8Bt-Nam-M%E1%BA%B7t-Xoay-Ch%C3%ADnh-H%C3%A3ng-Phong-C%C3%A1ch-H%C3%A0n-Qu%E1%BB%91c-v77men-i.493704632.19223431141?sp_atk=fbb4afb4-c182-4362-87ad-64a557a70309&xptdk=fbb4afb4-c182-4362-87ad-64a557a70309', 'https://shopee.vn/%C3%81o-Kho%C3%A1c-Bomber-B%C3%B3ng-Ch%C3%A0y-Unisex-Nam-N%E1%BB%AF-Ph%E1%BB%91i-Ho%E1%BA%A1-Ti%E1%BA%BFt-Th%C3%AAu-Form-R%E1%BB%99ng-Th%E1%BB%9Di-Trang-Zenkonu-AO-KHOAC-NAM-045-i.16580482.20145531054?sp_atk=106bc60d-ef28-4f96-89df-b84f843122ab&xptdk=106bc60d-ef28-4f96-89df-b84f843122ab', 'https://shopee.vn/%C3%81o-S%C6%A1-Mi-Ng%E1%BA%AFn-Tay-Nam-N%E1%BB%AF-C%E1%BB%95-Vest-TR%C6%A0N-Tr%E1%BA%AFng-V%C3%A0-%C4%90en-Ki%E1%BB%83u-s%C6%A1-mi-tay-ng%E1%BA%AFn-form-r%E1%BB%99ng-C%E1%BB%95-Vest-v%C3%A0-C%E1%BB%95-%C4%90%E1%BB%A9c-Leevin-Store-i.218712444.6025591926?sp_atk=633ebe17-79c3-4926-be31-2b2b8c710b40&xptdk=633ebe17-79c3-4926-be31-2b2b8c710b40', 'https://shopee.vn/-FREESHIP-%C3%81o-Kho%C3%A1c-HOODIE-Nam-N%E1%BB%AF-B%E1%BB%98-X%C6%AF%C6%A0NG-Ch%E1%BA%A5t-V%E1%BA%A3i-D%C3%A0y-D%E1%BA%B7n-%E1%BA%A4m-%C3%81p-i.160417625.20433724830?sp_atk=fc33c5d8-5dab-4a55-8e03-06b5f8538f36&xptdk=fc33c5d8-5dab-4a55-8e03-06b5f8538f36', 'https://shopee.vn/Qu%E1%BA%A7n-Jeans-Baggy-Nam-%E1%BB%90ng-R%E1%BB%99ng-D%C3%A1ng-Su%C3%B4ng-cam-k%E1%BA%BFt-Gi%E1%BA%B7t-kh%C3%B4ng-phai-m%C3%A0u-H%C3%80NG-CAO-C%E1%BA%A4P-LO%E1%BA%A0I-1-i.130154555.12117765582?sp_atk=6875fde3-451c-458f-aa88-a929aaab6fd6&xptdk=6875fde3-451c-458f-aa88-a929aaab6fd6', 'https://shopee.vn/%C3%81O-CARDIGAN-%C3%81O-KHO%C3%81C-N%E1%BB%AF-Form-R%E1%BB%99ng-Vi%E1%BB%81n-T%C3%BAi-%C4%90en-Tr%E1%BA%AFng-i.711707322.20426502024?sp_atk=e566acbc-0974-4152-84a5-ea4d33a6e988&xptdk=e566acbc-0974-4152-84a5-ea4d33a6e988', 'https://shopee.vn/%C3%81o-s%C6%A1-mi-tay-ng%E1%BA%AFn-nam-v%E1%BA%A3i-%C4%91%C5%A9i-nhi%E1%BB%81u-m%C3%A0u-s%E1%BA%AFc-th%C3%AAu-ch%E1%BB%AF-%E1%BA%A5n-t%C6%B0%E1%BB%A3ng.-i.315521447.5066469148?sp_atk=2b6e38ad-f388-4b8b-9334-1a9b6c14edde&xptdk=2b6e38ad-f388-4b8b-9334-1a9b6c14edde']"
Thời Trang Nữ,"['https://shopee.vn/%C3%81o-hoodie-d%C3%A0i-tay-c%C3%B3-m%C5%A9-n%E1%BB%89-tr%C6%A1n-unisex-nam-n%E1%BB%AF-c%C3%B3-2-t%C3%BAi-tr%C6%B0%E1%BB%9Bc-nhi%E1%BB%81u-m%C3%A0u-m%E1%BA%B7c-m%C3%B9a-%C4%91%C3%B4ng-%E1%BA%A5m-%E1%BA%A5p-i.262689468.11957377781?sp_atk=c95d5aba-9d42-434e-8c47-07249845de5c&xptdk=c95d5aba-9d42-434e-8c47-07249845de5c', 'https://shopee.vn/%C3%81o-Kho%C3%A1c-Cardigan-Vi%E1%BB%81n-Xanh-N%C3%A2u-FRMLK-Form-R%E1%BB%99ng-chew-i.711707322.18362612598?sp_atk=05da99e9-906c-4d6f-9ef2-0551dc2843dc&xptdk=05da99e9-906c-4d6f-9ef2-0551dc2843dc', 'https://shopee.vn/%C3%81o-thun-LocalBrand-Cemmery-%C3%A1o-thun-tay-l%E1%BB%A1-form-r%E1%BB%99ng-d%C3%A1ng-oversize-SIGNATURE-TEE-2.0-(-V61)-i.37101020.20819489851?sp_atk=d218b33f-8151-45a1-a4df-a4716ec2d5db&xptdk=d218b33f-8151-45a1-a4df-a4716ec2d5db', 'https://shopee.vn/%C3%81o-Kho%C3%A1c-L%C3%B4ng-T%C3%ADch-Ch%C3%A9o-R%E1%BB%99ng-Unisex-%C3%81o-L%C3%B4ng-Si%C3%AAu-D%C3%A0y-i.420779328.21142841730?sp_atk=0e46371a-348a-41e8-b8ea-0e129bca3e3d&xptdk=0e46371a-348a-41e8-b8ea-0e129bca3e3d', 'https://shopee.vn/%C3%81o-Hoodie-Form-R%E1%BB%99ng-Nam-N%E1%BB%AF-Ch%E1%BB%AF-Beebro-Ch%E1%BA%A5t-N%E1%BB%89-B%C3%B4ng-D%C3%A0y-D%E1%BA%B7n-Unisex%E2%9D%A4%EF%B8%8F%C3%81o-M%C5%A9-Ulzzang-Nam-N%E1%BB%AF-Phong-C%C3%A1ch-H%C3%A0n-Qu%E1%BB%91c-i.36476030.18545302806?sp_atk=c6d7a90e-c987-409c-a819-ac29a3f66566&xptdk=c6d7a90e-c987-409c-a819-ac29a3f66566', 'https://shopee.vn/%C3%81o-Len-T%C4%83m-C%E1%BB%95-3-Ph%C3%A2n-%C3%81o-Len-T%C4%83m-%C3%81o-Len-T%C4%83m-H%C3%A0ng-Qu%E1%BA%A3ng-Ch%C3%A2u-i.682284621.19444040467?sp_atk=160a410c-89ae-4d2c-9b88-bd2b2759e780&xptdk=160a410c-89ae-4d2c-9b88-bd2b2759e780', 'https://shopee.vn/-R%E1%BA%BB-v%C3%B4-%C4%91%E1%BB%8Bch-%C3%81o-thun-c%C3%B3-c%E1%BB%95-%C3%A1o-polo-form-r%E1%BB%99ng-tay-l%E1%BB%A1-CRHSUR-i.259496548.18725303547?sp_atk=5ac791b5-710d-464b-922d-eda8dd5a51a2&xptdk=5ac791b5-710d-464b-922d-eda8dd5a51a2', 'https://shopee.vn/%C3%81o-Kho%C3%A1c-Cardigan-K%E1%BA%BB-Thoi-Form-R%E1%BB%99ng-%C4%90en-H%E1%BB%93ng-Ch%E1%BA%A5t-N%E1%BB%89-New-i.711707322.20247263063?sp_atk=2357a0f2-8b22-42f3-b608-c09efd39cd35&xptdk=2357a0f2-8b22-42f3-b608-c09efd39cd35', 'https://shopee.vn/Qu%E1%BA%A7n-jean-%E1%BB%91ng-loe.qu%E1%BA%A7n-b%C3%B2-c%E1%BA%A1p-cao-%E1%BB%91ng-loe-co-d%C3%A3n-nh%E1%BA%B9-m%E1%BA%B7c-t%C3%B4n-d%C3%A1ng.nhi%E1%BB%81u-m%C3%A0u-i.410557043.16619940703?sp_atk=e1a69e69-c821-46bf-aab5-479136d6fcb6&xptdk=e1a69e69-c821-46bf-aab5-479136d6fcb6', 'https://shopee.vn/%C3%81o-Kho%C3%A1c-Cardigan-N%E1%BB%AF-K%E1%BA%BB-Thoi-Form-R%E1%BB%99ng-%C4%90en-H%E1%BB%93ng-Ch%E1%BA%A5t-N%E1%BB%89-i.30142553.19945625066?sp_atk=b2e5e41f-6e6b-4d65-a18f-1e2a4c6e7ec0&xptdk=b2e5e41f-6e6b-4d65-a18f-1e2a4c6e7ec0']"
Điện Thoại & Phụ Kiện,"['https://shopee.vn/%E1%BB%90p-lu%CC%9Bng-iPhone-7Plus-8-Plus-6-6s-Plus-7-8-XR-%C4%90%C6%B0%E1%BB%9Dng-Vi%E1%BB%81n-Vu%C3%B4ng-Silicone-M%E1%BB%81m-i.289979489.9695851610?sp_atk=3eb714d2-d573-40b4-8646-2803ea9a0d66&xptdk=3eb714d2-d573-40b4-8646-2803ea9a0d66', 'https://shopee.vn/Sim-Shopee-Vietnamobile-6Gb-ng%C3%A0y-180Gb-Th%C3%A1ng-Mi%E1%BB%85n-Ph%C3%AD-Data-1-Th%C3%A1ng-Ph%C3%AA-Kh%C3%B4ng-T%C6%B0%E1%BB%9Fng-i.126213673.10207265308?sp_atk=f5a7c8f9-0bc3-4ada-90da-6f08c436c8c3&xptdk=f5a7c8f9-0bc3-4ada-90da-6f08c436c8c3', 'https://shopee.vn/M%C3%88O-TH%E1%BA%A6N-T%C3%80I-D%C3%81N-%C4%90I%E1%BB%86N-THO%E1%BA%A0I-V%C3%8D-TI%E1%BB%80N-CHI%C3%8AU-T%C3%80I-L%E1%BB%98C-MAY-M%E1%BA%AEN-Tr%C3%A2u-th%E1%BA%A7n-t%C3%A0i-Linh-ph%C3%B9-i.291732184.4451468643?sp_atk=c57c6816-2ecc-437e-86e7-ee64b4f452c9&xptdk=c57c6816-2ecc-437e-86e7-ee64b4f452c9', 'https://shopee.vn/%C4%90i%E1%BB%87n-Tho%E1%BA%A1i-Nokia-101-Nokia-100-Nokia-105-Zin-Ch%C3%ADnh-H%C3%A3ng-%C4%90%C6%B0%E1%BB%A3c-Ch%E1%BB%8Dn-K%C3%A8m-Ph%E1%BB%A5-Ki%E1%BB%87n-i.1657913.1236186398?sp_atk=ddb98e1d-9e3a-4e4b-91b3-d0821d3c3b43&xptdk=ddb98e1d-9e3a-4e4b-91b3-d0821d3c3b43', 'https://shopee.vn/-M%C3%A3-ELHA9-gi%E1%BA%A3m-15-%C4%91%C6%A1n-50K-S%E1%BA%A0C-C%E1%BB%B0C-NHANH-PIN-S%E1%BA%A0C-D%E1%BB%B0-PH%C3%92NG-30000MAH-M%E1%BA%B6T-G%C6%AF%C6%A0NG-%C4%90EN-HUY%E1%BB%80N-THO%E1%BA%A0I-D%C5%A9ng-1-i.402909593.5295769022?sp_atk=7604291b-d839-47e5-9297-a58f238c997f&xptdk=7604291b-d839-47e5-9297-a58f238c997f', 'https://shopee.vn/Sim-s%E1%BB%91-Vietnamobile-chuy%C3%AAn-t%E1%BA%A1o-c%C3%A1c-t%C3%A0i-kho%E1%BA%A3n-Shopee-i.190401970.5146634604?sp_atk=ce09b183-597e-474c-903b-d85132582ed9&xptdk=ce09b183-597e-474c-903b-d85132582ed9', 'https://shopee.vn/Que-ch%E1%BB%8Dc-sim-cho-%E1%BB%91p-l%C6%B0ng-6-6plus-6s-6s-plus-6-7-7plus-8-8plus-x-xs-xs-max-11-11-pro-11-promax-2-Case-i.89827191.4032637524?sp_atk=e3c5bdad-0be1-4abd-ad5c-6ad22f68b80e&xptdk=e3c5bdad-0be1-4abd-ad5c-6ad22f68b80e', 'https://shopee.vn/-M%C3%A3-ELRE1TR5-gi%E1%BA%A3m-8-%C4%91%C6%A1n-5TR-%C4%90i%E1%BB%87n-tho%E1%BA%A1i-Realme-Narzo-50i-Prime-(4GB-64GB)-H%C3%A0ng-Ch%C3%ADnh-H%C3%A3ng-i.130961937.20426089451?sp_atk=6c3b572f-dede-4750-8927-a406f5798e20&xptdk=6c3b572f-dede-4750-8927-a406f5798e20', 'https://shopee.vn/%E1%BB%90p-l%C6%B0ng-iphone-vi%E1%BB%81n-xi-BVC-6-6plus-6s-6splus-7-7plus-8-8plus-x-xr-xs-11-12-13-pro-max-plus-promax-14-i.96251011.19543924090?sp_atk=666227de-5090-4dba-8d94-1d2d2e9500aa&xptdk=666227de-5090-4dba-8d94-1d2d2e9500aa', 'https://shopee.vn/Si%C3%AAu-Sim-4G-Vietnamobile-Mi%E1%BB%85n-ph%C3%AD-600Gb-Th%C3%A1ng-Mi%E1%BB%85n-ph%C3%AD-th%C3%A1ng-%C4%91%E1%BA%A7u-T%E1%BA%B7ng-s%E1%BA%B5n-400.000%C4%90-Mi%E1%BB%85n-ph%C3%AD-g%E1%BB%8Di-n%E1%BB%99i-m%E1%BA%A1ng-Sim-gi%C3%A1-r%E1%BA%BB-i.17217586.2843535115?sp_atk=ad2d40d4-b32f-474a-8e44-8410646639d4&xptdk=ad2d40d4-b32f-474a-8e44-8410646639d4']"
Mẹ & Bé,"['https://shopee.vn/-M%C3%A3-SKAMSALE12-gi%E1%BA%A3m-10-%C4%91%C6%A1n-250K-S%E1%BB%AFa-Meiji-s%E1%BB%91-0-1-v%C3%A0-s%E1%BB%91-1-3-(800gr)-n%E1%BB%99i-%C4%91%E1%BB%8Ba-Nh%E1%BA%ADt-(date-7-2023)-i.9083344.126369633?sp_atk=73597b0e-a0c1-4119-98f4-c022aee519f0&xptdk=73597b0e-a0c1-4119-98f4-c022aee519f0', 'https://shopee.vn/Xe-%C4%91%E1%BA%A9y-cho-b%C3%A9-Xe-%C4%91%E1%BA%A9y-g%E1%BA%A5p-g%E1%BB%8Dn-em-b%C3%A9-%C4%91i-du-l%E1%BB%8Bch-xoay-2-chi%E1%BB%81u-t%E1%BA%B7ng-k%C3%A8m-%C4%91%E1%BB%87m-l%C3%B3t-.-i.713385377.20429464551?sp_atk=5f4f33dd-3534-4fd0-a79f-89532a6ff22a&xptdk=5f4f33dd-3534-4fd0-a79f-89532a6ff22a', 'https://shopee.vn/Phomai-QBB-Nh%E1%BA%ADt-cho-b%C3%A9-6*15g-m%E1%BA%ABu-m%E1%BB%9Bi-i.5345261.1160563491?sp_atk=1cee4e48-5bb2-4641-88fa-b215f83712ff&xptdk=1cee4e48-5bb2-4641-88fa-b215f83712ff', 'https://shopee.vn/Combo-3-mi%E1%BA%BFng-T%C3%A3-d%C3%A1n-ng%E1%BB%ABa-h%C4%83m-v%C3%A0-m%E1%BA%A9n-%C4%91%E1%BB%8F-t%E1%BB%91i-%C4%91a-Mamamy-Nh%E1%BA%ADp-kh%E1%BA%A9u-H%C3%A0n-Qu%E1%BB%91c-si%C3%AAu-m%E1%BB%8Fng-si%C3%AAu-th%E1%BA%A5m-h%C3%BAt-size-S54-M46-L42-XL68-i.75485709.3162670948?sp_atk=c23dc3c2-99aa-48d5-87d4-ff6ba8860b66&xptdk=c23dc3c2-99aa-48d5-87d4-ff6ba8860b66', 'https://shopee.vn/Kem-D%C6%B0%E1%BB%A1ng-%C4%90a-N%C4%83ng-X%C3%B3a-N%E1%BA%BB-Ch%C3%A0m-Dexeryl-d%C3%B9ng-%C4%91%C6%B0%E1%BB%A3c-cho-tr%E1%BA%BB-em-v%C3%A0-c%E1%BA%A3-ng%C6%B0%E1%BB%9Di-l%E1%BB%9Bn-(50g)-i.403116788.21150220939?sp_atk=b94b2aec-e8a4-41e9-aa9a-36999b4b60a3&xptdk=b94b2aec-e8a4-41e9-aa9a-36999b4b60a3', 'https://shopee.vn/-%E1%BA%A2NH-TH%E1%BA%ACT-VIDEO-Th%E1%BA%A3m-%C4%91%C3%A0n-9BABY-Piano-n%E1%BA%B1m-ch%C6%A1i-nh%E1%BA%A1c-h%C3%ACnh-th%C3%BA-ng%E1%BB%99-ngh%C4%A9nh-cho-b%C3%A9-i.414872555.4184286906?sp_atk=69b045f6-013e-43d2-9336-d66452a25b14&xptdk=69b045f6-013e-43d2-9336-d66452a25b14', 'https://shopee.vn/(1-Thanh)-S%E1%BB%AFa-Meiji-Thanh-Nh%E1%BA%ADp-Kh%E1%BA%A9u-27g-i.134393771.4405953798?sp_atk=5aaa996f-d397-4762-95fd-8a5da701994c&xptdk=5aaa996f-d397-4762-95fd-8a5da701994c', 'https://shopee.vn/B%C3%ACnh-S%E1%BB%AFa-PPSU-h%C3%ACnh-m%C3%A8o-Kitty-nh%E1%BB%B1a-an-to%C3%A0n-cho-b%C3%A9-(c%C3%B3-s%E1%BA%B5n-n%C3%BAm-ti-van-ch%E1%BB%91g-s%E1%BA%B7c-trong-b%C3%ACnh-)-i.753291100.19830372510?sp_atk=14d9ee0c-e5de-497c-849a-2550fb57cbfb&xptdk=14d9ee0c-e5de-497c-849a-2550fb57cbfb', 'https://shopee.vn/Kem-N%E1%BA%BB-Bubchen-H%C3%A0ng-n%E1%BB%99i-%C4%91%E1%BB%8Ba-%C4%90%E1%BB%A9c-d%C6%B0%E1%BB%A1ng-%E1%BA%A9m-ch%E1%BB%91ng-n%E1%BA%BB-c%E1%BB%B1c-t%E1%BB%91t-cho-b%C3%A9-(L%E1%BB%8D-20ml)-i.537165630.13534957924?sp_atk=8b48326e-fa28-4150-ba9f-22d3ac819f12&xptdk=8b48326e-fa28-4150-ba9f-22d3ac819f12', 'https://shopee.vn/(X%C6%B0%E1%BB%9Fng-S%E1%BA%A3n-Xu%E1%BA%A5t)-Xe-t%E1%BA%ADp-%C4%91i-g%E1%BB%97-xe-g%C3%A0-t%E1%BA%ADp-%C4%91i-h%C3%ACnh-con-g%C3%A0-cho-b%C3%A9-i.529763449.11245685489?sp_atk=52e32cd2-4c55-4d1a-b9c6-46b643a059cf&xptdk=52e32cd2-4c55-4d1a-b9c6-46b643a059cf']"
Thiết Bị Điện Tử,"['https://shopee.vn/Tai-nghe-Bluetooth-kh%C3%B4ng-d%C3%A2y-5.0-MINPRO-AMOI-F9-PRO-n%C3%BAt-c%E1%BA%A3m-bi%E1%BA%BFn-v%C3%A2n-tay-ch%E1%BB%91ng-n%C6%B0%E1%BB%9Bc-k%C3%A8m-s%E1%BA%A1c-2.000mAh-i.394963411.11598054765?sp_atk=a17b141b-9973-4e28-bf55-31810fbf3488&xptdk=a17b141b-9973-4e28-bf55-31810fbf3488', 'https://shopee.vn/%C4%90%E1%BB%93ng-h%E1%BB%93-%C4%91%C3%B4i-%C4%90i%E1%BB%87n-T%E1%BB%AD-Th%E1%BB%83-Thao-Th%C3%B4ng-Minh-B%E1%BA%B1ng-Silicon-C%C3%B3-%C4%90%C3%A8n-LED-Th%E1%BB%9Di-Trang-Cho-Nam-V%C3%A0-N%E1%BB%AF-i.821816160.21527023571?sp_atk=63e66572-5b47-44a2-89f2-4224395d422b&xptdk=63e66572-5b47-44a2-89f2-4224395d422b', 'https://shopee.vn/(MI%E1%BB%84N-SHIP-TO%C3%80N-QU%E1%BB%90C)-X%E1%BA%A2-H%E1%BA%BET-KHO)-micro-cho-m%E1%BB%8Di-lo%E1%BA%A1i-loa-MICRO-CHO-LOA-K%C3%89O-BLUETOOTH-P88-P89-MICRO-d%C3%A0n-i.697521605.15190730746?sp_atk=f01b8893-91a6-49ed-af16-75a79349ad45&xptdk=f01b8893-91a6-49ed-af16-75a79349ad45', 'https://shopee.vn/G%C4%83ng-tay-ch%C6%A1i-game-Ghost-2022-c%E1%BA%A3m-%E1%BB%A9ng-1-c%E1%BA%B7p-2-c%C3%A1i-1-c%E1%BA%B7p-Shezi-memo-s%E1%BA%B5n-h%C3%A0ng-(phutuan2410)-i.51644736.22304634699?sp_atk=28feb873-95c4-45dd-99aa-53b19685c45c&xptdk=28feb873-95c4-45dd-99aa-53b19685c45c', 'https://shopee.vn/Tai-nghe-Bluetooth-kh%C3%B4ng-d%C3%A2y-TWS-Bluetooth-5.0-Ch%E1%BB%91ng-n%C6%B0%E1%BB%9Bc-IPX4-i.131085332.7882995327?sp_atk=0a361f9f-fae0-48c1-ab3a-3082cc659c55&xptdk=0a361f9f-fae0-48c1-ab3a-3082cc659c55', 'https://shopee.vn/Loa-bluetooth-mini-kh%C3%B4ng-d%C3%A2y-nghe-nh%E1%BA%A1c-c%E1%BA%AFm-usb-th%E1%BA%BB-nh%E1%BB%9B-%C4%91a-n%C4%83ng-c%C3%B3-%C4%91%C3%A8n-led-ch%C3%ADnh-h%C3%A3ng-MINPRO-i.394963411.17470212612?sp_atk=cf8fe041-6fad-41c3-a96c-270bf17eca4a&xptdk=cf8fe041-6fad-41c3-a96c-270bf17eca4a', 'https://shopee.vn/%C4%90%E1%BB%93ng-H%E1%BB%93-Th%C3%B4ng-Minh-Y68-D20-K%E1%BA%BFt-N%E1%BB%91i-Bluetooth-%C4%90a-N%C4%83ng-Ch%E1%BB%91ng-Th%E1%BA%A5m-N%C6%B0%E1%BB%9Bc-PK-T500-X8-i.260689587.16688650457?sp_atk=3dc1b820-f857-4410-848d-8063fd291b1d&xptdk=3dc1b820-f857-4410-848d-8063fd291b1d', 'https://shopee.vn/D%C3%A2y-%C4%90eo-Nam-Ch%C3%A2m-20Mm-22Mm-Cho-%C4%90%E1%BB%93ng-H%E1%BB%93-Th%C3%B4ng-Minh-Samsung-Galaxy-Watch-4-Classic-46Mm-i.484653997.21110217486?sp_atk=f626b69e-7ca5-42be-b2ed-fd45012e2f14&xptdk=f626b69e-7ca5-42be-b2ed-fd45012e2f14', 'https://shopee.vn/Tai-nghe-ch%E1%BB%A5p-tai-kh%C3%B4ng-d%C3%A2y-bluetooth-STN28-m%C3%A0u-s%E1%BA%AFc-cute-%C3%A2m-thanh-%E1%BA%A5m-bass-m%E1%BA%A1nh-Ph%E1%BB%A5-Ki%E1%BB%87n-123-i.304853378.4466113256?sp_atk=29ae49e2-ea59-4208-ac64-2f2a88a7647b&xptdk=29ae49e2-ea59-4208-ac64-2f2a88a7647b', 'https://shopee.vn/Loa-bluetooth-mini-MINPRO-A005-kh%C3%B4ng-d%C3%A2y-gi%C3%A1-r%E1%BA%BB-%C4%91%C3%A8n-led-theo-nh%E1%BA%A1c-bluetooth-5.0-ch%C3%ADnh-h%C3%A3ng-i.394963411.21656567585?sp_atk=10af19f7-4d76-4721-92ff-38bb64d9b056&xptdk=10af19f7-4d76-4721-92ff-38bb64d9b056']"
Nhà Cửa & Đời Sống,"['https://shopee.vn/B%C3%ACnh-gi%E1%BB%AF-nhi%E1%BB%87t-cao-c%E1%BA%A5p-1000-ml-c%C3%B3-n%E1%BA%AFp-l%E1%BB%8Dc-tr%C3%A0-B%C3%ACnh-n%C6%B0%E1%BB%9Bc-gi%E1%BB%AF-nhi%E1%BB%87t-ti%E1%BB%87n-l%E1%BB%A3i-l%C3%B5i-inox-304-kh%C3%B4ng-g%E1%BB%89-gi%E1%BB%AF-n%C6%B0%E1%BB%9Bc-%E1%BA%A5m-t%E1%BB%91t-A32-i.909216899.23107801281?sp_atk=c1a89d9f-d1b7-4a60-9332-a7d4e7e326b7&xptdk=c1a89d9f-d1b7-4a60-9332-a7d4e7e326b7', 'https://shopee.vn/%C4%90%C3%A8n-b%C3%A0n-h%E1%BB%8Dc-HY2266-B%C3%B3ng-LED-Ch%E1%BB%91ng-C%E1%BA%ADn-B%E1%BA%A3o-V%E1%BB%87-M%E1%BA%AFt-i.135862971.9972118249?sp_atk=bc413473-75b0-4e93-b148-0b7a2aa89513&xptdk=bc413473-75b0-4e93-b148-0b7a2aa89513', 'https://shopee.vn/Set-trang-tr%C3%AD-th%C3%A1p-b%C3%A1nh-th%C3%A1p-bia-th%C3%A1p-n%C6%B0%E1%BB%9Bc-ng%E1%BB%8Dt-trang-tr%C3%AD-T%E1%BA%BFt-i.19639745.21564804667?sp_atk=0598bfe6-76c4-4f70-ad7e-d2a83a454577&xptdk=0598bfe6-76c4-4f70-ad7e-d2a83a454577', 'https://shopee.vn/M%C3%A1y-B%E1%BA%AFn-Keo-Silicon-20W-T%E1%BA%B7ng-10-C%C3%A2y-Keo-S%C3%BAng-B%E1%BA%AFn-Keo-Nh%E1%BB%8F-i.74300615.4635411268?sp_atk=d50d9096-d897-48c1-8630-a450b0086718&xptdk=d50d9096-d897-48c1-8630-a450b0086718', 'https://shopee.vn/SALE-B%E1%BA%BFp-l%E1%BA%A9u-n%C6%B0%E1%BB%9Bng-2-ng%C4%83n-H%C3%A0n-Qu%E1%BB%91c-N%E1%BB%93i-l%E1%BA%A9u-2-in-1-si%C3%AAu-ch%E1%BB%91ng-d%C3%ADnh-%C4%91a-n%C4%83ng-i.909216899.21765234504?sp_atk=c917f22c-5b23-4866-ac12-0a38030638f7&xptdk=c917f22c-5b23-4866-ac12-0a38030638f7', 'https://shopee.vn/%C4%90%C3%A8n-Ng%E1%BB%A7-3D-Qu%E1%BA%A3-C%E1%BA%A7u-Pha-L%C3%AA-Ph%C3%A1t-S%C3%A1ng-Qu%C3%A0-T%E1%BA%B7ng-Sinh-Nh%E1%BA%ADt-Qu%C3%A0-L%C6%B0u-Ni%E1%BB%87m-Q%C3%B9a-T%E1%BA%B7ng-Gi%C3%A1ng-Sinh-i.444750331.14919919111?sp_atk=1ee50ce8-6fa8-4411-a2f7-6282365d7360&xptdk=1ee50ce8-6fa8-4411-a2f7-6282365d7360', 'https://shopee.vn/(S%E1%BA%B5n-H%E1%BB%99p-Qu%C3%A0-T%E1%BA%B7ng-Set-4)-N%E1%BA%BFn-Th%C6%A1m-Hoa-Kh%C3%B4-Thi%C3%AAn-Nhi%C3%AAn-CH%E1%BB%8CN-H%C6%AF%C6%A0NG-(Trang-tr%C3%AD-%C4%91%C3%B3n-t%E1%BA%BFt)-Kh%C3%A1ch-S%E1%BB%89-inbox-i.63542388.5388216305?sp_atk=97e096f1-bfde-41b9-a009-2aba7dc6ed57&xptdk=97e096f1-bfde-41b9-a009-2aba7dc6ed57', 'https://shopee.vn/K%E1%BB%86-%C4%90%E1%BB%82-gi%C3%A0y-ch%E1%BB%AF-X-M%E1%BA%AAU-M%E1%BB%9AI-i.445642876.12717760572?sp_atk=12f1ae88-ccb2-4403-a208-c65800686217&xptdk=12f1ae88-ccb2-4403-a208-c65800686217', 'https://shopee.vn/B%E1%BB%99-D%E1%BB%A5ng-C%E1%BB%A5-S%E1%BB%ADa-Ch%E1%BB%AFa-4-M%C3%B3n-%C4%90%E1%BA%A7y-%C4%90%E1%BB%A7-Nh%E1%BB%AFng-Th%E1%BB%A9-C%E1%BA%A7n-Thi%E1%BA%BFt-%C4%90%E1%BB%83-T%E1%BB%B1-S%E1%BB%ADa-%C4%90%E1%BB%93-T%E1%BA%A1i-Nh%C3%A0-B%E1%BB%99-D%E1%BB%A5ng-C%E1%BB%A5-S%E1%BB%ADa-Ch%E1%BB%AFa-%C4%90a-N%C4%83ng-i.909216899.21865233439?sp_atk=be8853b0-16fc-427a-998b-282d76ad2131&xptdk=be8853b0-16fc-427a-998b-282d76ad2131', 'https://shopee.vn/%C4%90%C3%A8n-LED-b%E1%BA%B1ng-s%E1%BB%A3i-quang-h%C3%ACnh-c%C3%A2y-th%C3%B4ng-noel-i.76221404.12527668446?sp_atk=b64c7757-e824-46fa-a30d-e62c261f075e&xptdk=b64c7757-e824-46fa-a30d-e62c261f075e']"
Máy Tính & Laptop,"['https://shopee.vn/Tai-nghe-Bluetooth-kh%C3%B4ng-d%C3%A2y-TWS-Bluetooth-5.0-Ch%E1%BB%91ng-n%C6%B0%E1%BB%9Bc-IPX4-i.131085332.7882995327?sp_atk=7efa4d5c-add3-4f9d-8d63-a903df91fef0&xptdk=7efa4d5c-add3-4f9d-8d63-a903df91fef0', 'https://shopee.vn/B%C3%A0n-Ph%C3%ADm-%C4%90i%E1%BB%81u-Khi%E1%BB%83n-T%E1%BB%AB-Xa-Rii-2.4GHz-i8-Cho-PC-Android-TV-box-%C4%90i%E1%BB%87n-Tho%E1%BA%A1i-i.230325347.14659692166?sp_atk=70885e38-e4d3-405f-9b2c-52224b1896b4&xptdk=70885e38-e4d3-405f-9b2c-52224b1896b4', 'https://shopee.vn/Loa-x%C3%A1ch-tay-bluetooth-speaker-H.S.L.H-%C3%82m-thanh-%C4%91%E1%BB%89nh-cao-BT-201-B%E1%BA%A3o-H%C3%A0nh-Ch%C3%ADnh-H%C3%A3ng-6-th%C3%A1ng-1-%C4%91%E1%BB%95i-1-i.164775701.2520156370?sp_atk=58d4fabe-9195-4c55-a4b0-3eceabb5955c&xptdk=58d4fabe-9195-4c55-a4b0-3eceabb5955c', 'https://shopee.vn/Ngu%E1%BB%93n-t%E1%BB%95-ong-ngu%E1%BB%93n-12V-24V-5V-40A-30A-20A-15A-10A-5A-ngu%E1%BB%93n-t%E1%BB%95ng-d%C3%B9ng-cho-camera-%C4%91%C3%A8n-led-motor-m%C3%A1y-b%C6%A1m-i.363419620.3876454730?sp_atk=5af172fd-316c-45b6-8954-a2433311429a&xptdk=5af172fd-316c-45b6-8954-a2433311429a', 'https://shopee.vn/Tai-nghe-ch%E1%BB%A5p-tai-kh%C3%B4ng-d%C3%A2y-bluetooth-STN28-m%C3%A0u-s%E1%BA%AFc-cute-%C3%A2m-thanh-%E1%BA%A5m-bass-m%E1%BA%A1nh-Ph%E1%BB%A5-Ki%E1%BB%87n-123-i.304853378.4466113256?sp_atk=616bc299-4b7d-4928-9bab-a0c25587f62e&xptdk=616bc299-4b7d-4928-9bab-a0c25587f62e', 'https://shopee.vn/B%E1%BB%99-B%C3%A0n-Ph%C3%ADm-Chu%E1%BB%99t-c%C3%B3-d%C3%A2y-LED-7-M%C3%A0u-Gi%C3%A1-R%E1%BA%BB-(M%C3%A0u-%C4%90en-Tr%E1%BA%AFng)-k%C3%A8m-T%E1%BA%A5m-l%C3%B3t-chu%E1%BB%99t-M%E1%BB%9Bi-B%E1%BA%A3o-h%C3%A0nh-12-Th%C3%A1ng-i.75129582.11563914970?sp_atk=92be588f-8b0b-478a-8c92-4e8368304024&xptdk=92be588f-8b0b-478a-8c92-4e8368304024', 'https://shopee.vn/Loa-Bluetooth-D004B-gi%C3%A1-ch%E1%BB%89-109K-1C-gi%C3%A1-t%E1%BB%91t-nh%E1%BA%A5t-th%E1%BB%8B-tr%C6%B0%E1%BB%9Dng-i.202695037.7745007827?sp_atk=c70516c5-6f2c-4815-ab62-1aea2e4a3810&xptdk=c70516c5-6f2c-4815-ab62-1aea2e4a3810', 'https://shopee.vn/MICRO-USB-HUB-B%E1%BB%99-chuy%E1%BB%83n-%C4%91%E1%BB%95i-FONKEN-n%E1%BB%91i-3-c%E1%BB%95ng-c%E1%BA%AFm-Type-C-V8-USB-v%E1%BB%9Bi-chui-c%E1%BA%AFm-Micro-USB-d%C3%A2y-c%C3%A1p-OTG-cho-Samsung-Huawei-i.805011728.16777742946?sp_atk=592fdeb2-726f-4baf-b9b9-696ee0d2c68a&xptdk=592fdeb2-726f-4baf-b9b9-696ee0d2c68a', 'https://shopee.vn/Tai-Nghe-Th%E1%BB%83-Thao-Lenovo-He05-Bluetooth-5.0-%C4%90eo-C%E1%BB%95-C%C3%B3-Nam-Ch%C3%A2m-Ch%E1%BB%91ng-N%C6%B0%E1%BB%9Bc-i.464343249.3060983243?sp_atk=07a895a8-8533-4972-b92e-fa3cee839dcc&xptdk=07a895a8-8533-4972-b92e-fa3cee839dcc', 'https://shopee.vn/B%C3%A0n-ph%C3%ADm-ki%C3%AAm-chu%E1%BB%99t-mini-c%E1%BA%A3m-%E1%BB%A9ng-kh%C3%B4ng-d%C3%A2y-I8-cho-Ps4-Google-Android-Tv-Box-ch%C6%A1i-game-i.328920973.5759614020?sp_atk=87ed1eef-62eb-4b48-8e8e-fcfda218d7a1&xptdk=87ed1eef-62eb-4b48-8e8e-fcfda218d7a1']"
Sắc Đẹp,"['https://shopee.vn/%F0%9F%8E%80Set-4-th%E1%BB%8Fi-son-kem-nhung-l%C3%AC-NYXKISS-d%C6%B0%E1%BB%A1ng-%E1%BA%A9m-m%C3%B4i-4-m%C3%A0u-ch%E1%BB%91ng-d%C3%ADnh-i.214402862.13194437830?sp_atk=91922fca-8b86-45da-9b0a-e8c80a91f136&xptdk=91922fca-8b86-45da-9b0a-e8c80a91f136', 'https://shopee.vn/M%C3%A1y-c%E1%BA%A1o-r%C3%A2u-9D-Shaver-4in1-Kanabis-%E1%BA%B7ng-K%C3%A8m-6-Ph%E1%BB%A5-Ki%E1%BB%87n-Cao-C%E1%BA%A5p-M%C3%A1y-C%E1%BA%A1o-R%C3%A2u-c%E1%BB%B1c-s%C3%A1t-%C3%AAm-Ch%C3%ADnh-H%C3%A3ng-B%E1%BA%A3o-H%C3%A0nh-L%E1%BB%97i-1-%C4%90%E1%BB%95i-1-i.909216899.21765233967?sp_atk=58033ce5-3d7e-4036-bcb3-d1fad0e909dd&xptdk=58033ce5-3d7e-4036-bcb3-d1fad0e909dd', 'https://shopee.vn/X%E1%BB%8Bt-Th%C6%A1m-Mi%E1%BB%87ng-CUIJU-Hoa-Qu%E1%BA%A3-Th%C6%A1m-mi%E1%BB%87ng-s%E1%BA%A1ch-s%E1%BA%BD-th%C6%A1m-tho-MM-i.74804504.21140708584?sp_atk=093ded92-97df-456a-8f33-a6be1a3f839f&xptdk=093ded92-97df-456a-8f33-a6be1a3f839f', 'https://shopee.vn/Set-24-M%C3%B3ng-Tay-Gi%E1%BA%A3-2022-C%C3%B3-Keo-D%C3%A1n-Acrylic-To%C3%A0n-Di%E1%BB%87n-Phong-C%C3%A1ch-Ph%C3%A1p-i.458110700.20008357751?sp_atk=f3474860-bdae-4a98-98ce-2d3d0536618d&xptdk=f3474860-bdae-4a98-98ce-2d3d0536618d', 'https://shopee.vn/-M%E1%BA%ABu-M%E1%BB%9Bi-Son-Kem-L%C3%AC-HERORANGE-m%E1%BB%81m-m%E1%BB%8Bn-l%C3%A2u-tr%C3%B4i-P0270-i.175889782.9349187345?sp_atk=b2119912-670e-4365-a46e-a94caeec9014&xptdk=b2119912-670e-4365-a46e-a94caeec9014', 'https://shopee.vn/M%C3%A1y-c%E1%BA%A1o-r%C3%A2u-cao-c%E1%BA%A5p-4in1-h%C3%A0ng-ch%C3%ADnh-h%C3%A3ng-ch%E1%BB%91ng-n%C6%B0%E1%BB%9Bc-chu%E1%BA%A9n-IPX7-c%C3%B3-hi%E1%BB%87n-th%E1%BB%8B-ph%E1%BA%A7n-tr%C4%83m-Pin-i.784055365.20150122772?sp_atk=905d17c1-845a-45e6-a2c0-740a8f98d86d&xptdk=905d17c1-845a-45e6-a2c0-740a8f98d86d', 'https://shopee.vn/-H%C3%A0ng-m%E1%BB%9Bi-v%E1%BB%81-Chai-x%E1%BB%8Bt-th%C6%A1m-mi%E1%BB%87ng-Luckfine-15dung-t%C3%ADch-gi%E1%BB%AF-m%C3%B9i-l%C3%A2u-kh%C3%B4ng-ch%E1%BB%A9a-c%E1%BB%93n-i.74804504.12769694737?sp_atk=5adc709e-71be-4673-8174-c70b5361c7ff&xptdk=5adc709e-71be-4673-8174-c70b5361c7ff', 'https://shopee.vn/M%C3%B3ng-%C3%BAp-HSM-ch%C3%ADnh-h%C3%A3ng-lo%E1%BA%A1i-tr%C6%A1n-H%E1%BB%99p-500-m%C3%B3ng-%E1%BB%91p-%C4%91%E1%BB%A7-size-%C4%91%E1%BB%A7-phom-thang-vu%C3%B4ng-tr%C3%B2n-tr%C3%B2n-nh%E1%BB%8Dn-nh%E1%BB%8Dn-i.156756262.2644355954?sp_atk=51ee2760-9ed5-4d75-92e3-57bb532e8649&xptdk=51ee2760-9ed5-4d75-92e3-57bb532e8649', 'https://shopee.vn/X%E1%BB%8Bt-th%C6%A1m-body-mist-chai-75ml-m%E1%BB%9Bi-siu-th%C6%A1m-Vinecya%E2%80%99s-i.39423331.19050850635?sp_atk=a33f25c2-3ea8-4004-b328-bdeff3cb8d55&xptdk=a33f25c2-3ea8-4004-b328-bdeff3cb8d55', 'https://shopee.vn/(B%C3%A1n-Bu%C3%B4n-%E2%80%93-S%E1%BB%89)-Son-Kem-L%C3%AC-Herorange-M%E1%BB%81m-M%E1%BB%8Bn-Nh%C6%B0-Nhung-Ch%E1%BB%91ng-Th%E1%BA%A5m-N%C6%B0%E1%BB%9Bc-Ch%E1%BB%91ng-Kh%C3%B4-M%C3%B4i-L%C3%A2u-Tr%C3%B4i-Son16-i.19958411.11523972985?sp_atk=421d7d79-3349-422c-8ee7-029503376c48&xptdk=421d7d79-3349-422c-8ee7-029503376c48']"
Máy Ảnh & Máy Quay Phim,"['https://shopee.vn/Th%E1%BA%BB-nh%E1%BB%9B-microSD-Sony-1024GB-64GB-128GB-256GB-512GB-i.82410399.16239295843?sp_atk=adeaf561-d3ed-4d0c-91cd-be7d24c89ef1&xptdk=adeaf561-d3ed-4d0c-91cd-be7d24c89ef1', 'https://shopee.vn/Pin-s%E1%BA%A1c-BESTON-AA-AAA-S%E1%BA%A1c-pin-ch%C3%ADnh-h%C3%A3ng-BESTON-B%E1%BA%A2O-H%C3%80NH-1-N%C4%82M-Mic-kh%C3%B4ng-d%C3%A2y-m%C3%A1y-%E1%BA%A3nh-%C4%91i%E1%BB%81u-khi%E1%BB%83n-(-Pin-1.2V-)-i.120339600.9209847505?sp_atk=a283ce57-181c-42e8-8580-54ea9325eb55&xptdk=a283ce57-181c-42e8-8580-54ea9325eb55', 'https://shopee.vn/%E1%BB%90ng-k%C3%ADnh-l%E1%BB%8Dc-CPL-ND-37mm-49mm-52mm-58mm-d%C3%A0nh-cho-camera-%C4%91i%E1%BB%87n-tho%E1%BA%A1i-i.341537720.13602911220?sp_atk=e614228b-5d79-44b6-9e27-1727b669ed4b&xptdk=e614228b-5d79-44b6-9e27-1727b669ed4b', 'https://shopee.vn/Set-d%E1%BB%A5ng-c%E1%BB%A5-v%E1%BB%87-sinh-%E1%BB%91ng-k%C3%ADnh-m%C3%A1y-%E1%BA%A3nh-chuy%C3%AAn-nghi%E1%BB%87p-6-trong-1-i.107232197.13867701180?sp_atk=f34bf43c-a3d2-4a0d-a3e3-1e68ebe49944&xptdk=f34bf43c-a3d2-4a0d-a3e3-1e68ebe49944', 'https://shopee.vn/Th%E1%BA%BB-nh%E1%BB%9B-sandisk-32Gb-64GB-128GB-256GB-d%C3%B9ng-%C4%91i%E1%BB%87n-tho%E1%BA%A1i-m%C3%A1y-%E1%BA%A3nh-Th%E1%BA%BB-nh%E1%BB%9B-t%E1%BB%91c-%C4%91%E1%BB%99-cao-Class-10-Ultra-120MB-s-i.891327966.20867532008?sp_atk=e2d58f0a-fd14-4fac-9ed2-2382c8fff532&xptdk=e2d58f0a-fd14-4fac-9ed2-2382c8fff532', 'https://shopee.vn/Combo-T%E1%BA%A3n-S%C3%A1ng-Godox-AK-R12-Bounce-Card-AK-R11-Dome-Diffuser-%C4%90e%CC%82%CC%81-Nam-Cha%CC%82m-S-R1-i.68727086.7060814205?sp_atk=08e25ed7-9d3a-49b4-ba11-46593d948706&xptdk=08e25ed7-9d3a-49b4-ba11-46593d948706', 'https://shopee.vn/Ch%C3%A2n-%C4%91%E1%BA%BF-g%E1%BA%AFn-t%C6%B0%E1%BB%9Dng-cho-Camera-trong-nh%C3%A0-TRANGIATELECOM-i.529351798.16017169257?sp_atk=67304993-f7cc-462c-8cd7-7bd6e9e5d085&xptdk=67304993-f7cc-462c-8cd7-7bd6e9e5d085', 'https://shopee.vn/H%E1%BB%99p-ch%E1%BB%91ng-%E1%BA%A9m-m%C3%A1y-%E1%BA%A3nh-10-l%C3%ADt-qu%C3%A0-t%E1%BA%B7ng-i.12127755.2375914171?sp_atk=f230dcbd-87d4-4751-a686-417380edc32d&xptdk=f230dcbd-87d4-4751-a686-417380edc32d', 'https://shopee.vn/SAMSUNG-Th%E1%BA%BB-Nh%E1%BB%9B-MicroSD-PRO-16GB-32G-100MB-s-128GB-256GB-512GB-1024GB-SDHC-C10-TF-UHS-I-64GB-i.783014731.18026889968?sp_atk=75ab7867-9980-45bb-ab07-b0891cb18354&xptdk=75ab7867-9980-45bb-ab07-b0891cb18354', 'https://shopee.vn/%C4%90%E1%BA%BF-xoay-b%C3%A0n-xoay-tr%C6%B0ng-b%C3%A0y-b%C3%A0n-xoay-s%E1%BA%A3n-ph%E1%BA%A9m-15cm-20cm-25cm-32cm-%C4%90%E1%BA%BF-quay-livestream-quay-m%C3%B4-h%C3%ACnh-%C4%91%E1%BA%B9p-360-%C4%91%E1%BB%99-nh%C6%B0-studio-i.33725767.14014435964?sp_atk=0d8680e9-8c8b-465a-bfc0-d9c775944361&xptdk=0d8680e9-8c8b-465a-bfc0-d9c775944361']"
Sức Khỏe,"['https://shopee.vn/M%C3%A1y-massage-c%E1%BB%95-vai-g%C3%A1y-cao-c%E1%BA%A5p-CH%C6%AF%E1%BB%9CM-N%C3%93NG-H%E1%BB%92NG-NGO%E1%BA%A0I-42-%C4%91%E1%BB%99-C-4-%C4%91%E1%BA%A7u-ti%E1%BA%BFp-x%C3%BAc-6-ch%E1%BA%BF-%C4%91%E1%BB%99-mat-xa-9-c%C6%B0%E1%BB%9Dng-%C4%91%E1%BB%99-i.909216899.23107800974?sp_atk=3d9fad74-1500-4c4b-89b4-ffec4a762743&xptdk=3d9fad74-1500-4c4b-89b4-ffec4a762743', 'https://shopee.vn/Vi%C3%AAn-U%E1%BB%91ng-Th%E1%BA%A3o-M%E1%BB%99c-Bealive-Herbal-Be-H%E1%BB%97-Tr%E1%BB%A3-T%C4%83ng-C%C3%A2n-C%E1%BA%A3i-Thi%E1%BB%87n-H%E1%BB%87-Ti%C3%AAu-Ho%C3%A1-T%C4%83ng-C%C6%B0%E1%BB%9Dng-S%E1%BB%A9c-Kh%E1%BB%8Fe-L%C3%A0m-%C4%90%E1%BA%B9p-Da-30-Vi%C3%AAn-i.405052831.18158926288?sp_atk=f5f7bd31-dfa4-4b91-b396-4038dce632d7&xptdk=f5f7bd31-dfa4-4b91-b396-4038dce632d7', 'https://shopee.vn/L%C6%B0%E1%BB%A3c-G%E1%BB%97-%C4%90%C3%A0n-H%C6%B0%C6%A1ng-N%C4%83m-C%C3%A1nh-Ch%E1%BB%91ng-T%C4%A9nh-%C4%90i%E1%BB%87n-M%C3%A1t-Xa-Da-%C4%90%E1%BA%A7u-1-C%C3%A1i-i.348154814.19808787287?sp_atk=5ef31cab-261b-44a0-a878-c7513ccc5fc8&xptdk=5ef31cab-261b-44a0-a878-c7513ccc5fc8', 'https://shopee.vn/%C4%90ai-ch%E1%BB%91ng-g%C3%B9-l%C6%B0ng-vai-eo-ch%E1%BA%A5t-li%E1%BB%87u-b%E1%BB%81n-tho%C3%A1ng-%E2%80%8Bc%C3%B3-n%E1%BA%B9p-c%E1%BB%91-%C4%91%E1%BB%8Bnh-c%E1%BB%99t-s%E1%BB%91ng-i.494593635.12871848349?sp_atk=84b114a1-1ee8-417c-a8d5-37cf44fccaa9&xptdk=84b114a1-1ee8-417c-a8d5-37cf44fccaa9', 'https://shopee.vn/D%E1%BA%A7u-H%C3%ADt-Th%C3%B4ng-M%C5%A9i-B%E1%BA%A1c-H%C3%A0-Phi%C3%AAn-B%E1%BA%A3n-Black-Peppermint-Field-Th%C3%A1i-Lan-i.17191287.3412953790?sp_atk=7b2ebd25-6bbd-47b0-b73f-d26718f341dc&xptdk=7b2ebd25-6bbd-47b0-b73f-d26718f341dc', 'https://shopee.vn/-24-31-12-MUA-1-T%E1%BA%B6NG-1-Collagen-Astalift-d%E1%BA%A1ng-n%C6%B0%E1%BB%9Bc-10000mg-Astalift-Drink-Pure-Collagen-i.277716469.6753597178?sp_atk=3ac7bf37-6da7-4971-83ec-11b97b13aab2&xptdk=3ac7bf37-6da7-4971-83ec-11b97b13aab2', 'https://shopee.vn/-HOT-TREND-Kh%E1%BA%A9u-Trang-G%E1%BA%A5u-Si%C3%AAu-Cute-i.27928126.12423625576?sp_atk=bebb5593-fb08-4562-a7eb-145e15491145&xptdk=bebb5593-fb08-4562-a7eb-145e15491145', 'https://shopee.vn/Kh%C4%83n-gi%E1%BA%A5y-%C6%B0%E1%BB%9Bt-mini-d%E1%BB%85-th%C6%B0%C6%A1ng-ti%E1%BB%87n-l%E1%BB%A3i-th%C3%ADch-h%E1%BB%A3p-%C4%91i-h%E1%BB%8Dc-%C4%91i-ch%C6%A1i-du-l%E1%BB%8Bch%E2%9D%A4%EF%B8%8F%E2%9D%A4%EF%B8%8F-i.276964403.17914051183?sp_atk=25a66c79-fe93-449f-b2c8-260218cb42cc&xptdk=25a66c79-fe93-449f-b2c8-260218cb42cc', 'https://shopee.vn/-HB-Gift-H%C3%A0ng-T%E1%BA%B7ng-Kh%C3%B4ng-B%C3%A1n-L%E1%BB%8ACH-%C4%90%E1%BB%82-B%C3%80N-DHC-2023-XINH-X%E1%BA%AEN-i.44806875.21666321761?sp_atk=28021df8-228f-4bde-b363-23a83c2ec721&xptdk=28021df8-228f-4bde-b363-23a83c2ec721', 'https://shopee.vn/-CAM-K%E1%BA%BET-CH%C3%8DNH-H%C3%83NG-TR%C3%80-XANH-GC-SLIMMING-CARE-X3-i.99709509.13834855262?sp_atk=b89d7044-6802-4a27-8875-eb2ebeac6d64&xptdk=b89d7044-6802-4a27-8875-eb2ebeac6d64']"
Đồng Hồ,"['https://shopee.vn/%C4%90%E1%BB%93ng-H%E1%BB%93-%C4%90i%E1%BB%87n-T%E1%BB%AD-D%E1%BA%A1-Quang-Th%E1%BB%9Di-Trang-i.668014114.20862686933?sp_atk=99e1fa50-ac13-4bcc-91e1-bdd5991fec28&xptdk=99e1fa50-ac13-4bcc-91e1-bdd5991fec28', 'https://shopee.vn/-T500-PRo-Seri-7-%C4%90%E1%BB%93ng-H%E1%BB%93-Th%C3%B4ng-Minh-Thay-h%C3%ACnh-n%E1%BB%81n-l%C6%B0%E1%BB%9Bt-FB-n%C4%83m-2022-%C4%90%E1%BB%A7-m%C3%A0u-i.61857637.21657111140?sp_atk=1bee43b9-5bd0-44ea-9213-62ed71edb1a1&xptdk=1bee43b9-5bd0-44ea-9213-62ed71edb1a1', 'https://shopee.vn/Kem-%C4%91%C3%A1nh-b%C3%B3ng-d%C3%A2y-%C4%91%E1%BB%93ng-h%E1%BB%93-kim-lo%E1%BA%A1i-Autosol-Metal-Polish-50g-i.60086288.6903192394?sp_atk=d8f706e8-2579-4364-a804-688a33aee82c&xptdk=d8f706e8-2579-4364-a804-688a33aee82c', 'https://shopee.vn/(HU-nam)-%C4%90%E1%BB%93ng-H%E1%BB%93-Th%E1%BB%9Di-Trang-Nam-N%E1%BB%AF-HU-C%E1%BA%B7p-%C4%90%C3%B4i-D%C3%A2y-H%C6%B0%C6%A1ng-Vani-Cao-C%E1%BA%A5p-DH602-B%E1%BA%A3o-h%C3%A0nh-12-th%C3%A1ng-i.450850763.20332302066?sp_atk=15beb300-5303-48fd-9ac3-3387a9d6a13c&xptdk=15beb300-5303-48fd-9ac3-3387a9d6a13c', 'https://shopee.vn/%C4%90%E1%BB%93ng-h%E1%BB%93-th%E1%BB%9Di-trang-n%E1%BB%AF-BS-bee-sister-EEA2-%C4%91%C3%ADnh-c%C6%B0%E1%BB%9Dm-FEB-i.61368286.21234380076?sp_atk=952a2258-097e-443b-99cc-69afaff29e1a&xptdk=952a2258-097e-443b-99cc-69afaff29e1a', 'https://shopee.vn/%C4%90%E1%BB%93ng-h%E1%BB%93-v%E1%BB%9Bi-d%C3%A2y-%C4%91eo-b%E1%BA%B1ng-th%C3%A9p-kh%C3%B4ng-g%E1%BB%89-thi%E1%BA%BFt-k%E1%BA%BF-th%E1%BB%9Di-trang-sang-tr%E1%BB%8Dng-cho-nam-i.65936455.7419877963?sp_atk=af0299a6-839c-4db1-8b8b-dca48a0a3aa4&xptdk=af0299a6-839c-4db1-8b8b-dca48a0a3aa4', 'https://shopee.vn/D%C3%A2y-%C4%91%E1%BB%93ng-h%E1%BB%93-nam-n%E1%BB%AF-th%C3%A9p-inox-%C4%91%C3%BAc-size-18mm-20mm-22mm-24mm-quai-%C4%91eo-%C4%91%E1%BB%93ng-h%E1%BB%93-kim-lo%E1%BA%A1i-milaneses-kh%C3%B3a-b%C6%B0%E1%BB%9Bm-cao-c%E1%BA%A5p-i.550162182.11992517389?sp_atk=b7a4102b-23cd-4932-87cc-21dcf7add90b&xptdk=b7a4102b-23cd-4932-87cc-21dcf7add90b', 'https://shopee.vn/%C4%90%E1%BB%93ng-h%E1%BB%93-%C4%91eo-tay-th%E1%BB%83-thao-m%C3%A0n-h%C3%ACnh-led-c%E1%BA%A3m-%E1%BB%A9ng-ch%E1%BB%91ng-n%C6%B0%E1%BB%9Bc-h%C3%ACnh-ng%C6%B0%E1%BB%9Di-nh%E1%BB%87n-ng%C6%B0%E1%BB%9Di-s%E1%BA%AFt-si%C3%AAu-anh-h%C3%B9ng-ho%E1%BA%A1t-h%C3%ACnh-cho-b%C3%A9-trai-i.316275706.10587903285?sp_atk=7f0e8c14-e8ac-477e-ab48-927e027fc861&xptdk=7f0e8c14-e8ac-477e-ab48-927e027fc861', 'https://shopee.vn/(%C4%90%E1%BB%93ng-h%E1%BB%93-V%C3%B2ng-tay)-%C4%90%E1%BB%93ng-h%E1%BB%93-n%E1%BB%AF-Analog-Quartz-%C4%90%E1%BB%93ng-h%E1%BB%93-n%E1%BB%AF-th%E1%BB%9Di-trang-b%E1%BA%B1ng-da-i.279139897.18420675079?sp_atk=eef12873-2859-41a0-932f-256a22c46780&xptdk=eef12873-2859-41a0-932f-256a22c46780', 'https://shopee.vn/%C4%90%E1%BB%93ng-H%E1%BB%93-%C4%90eo-Tay-%C4%90i%E1%BB%87n-T%E1%BB%AD-Ch%E1%BB%91ng-N%C6%B0%E1%BB%9Bc-C%C3%B3-%C4%90%C3%A8n-LED-Trong-Su%E1%BB%91t-%C4%90a-Ch%E1%BB%A9c-N%C4%83ng-Cho-Tr%E1%BA%BB-Em-i.783797149.20408769975?sp_atk=f3d8f931-e962-4bf4-9efa-25700ef553b0&xptdk=f3d8f931-e962-4bf4-9efa-25700ef553b0']"
Giày Dép Nữ,"['https://shopee.vn/D%C3%A9p-S%E1%BB%A5c-H%C3%A0-M%C3%A3-M%E1%BA%AFt-To-D%E1%BB%85-Th%C6%B0%C6%A1ng-Hot-Trend-i.788908334.18364417343?sp_atk=ab5f093d-6971-4eb8-bfea-71b97b72c079&xptdk=ab5f093d-6971-4eb8-bfea-71b97b72c079', 'https://shopee.vn/Gi%C3%A0y-th%E1%BB%83-thao-v%E1%BA%A3i-nam-n%E1%BB%AF-%C4%91%E1%BB%99n-%C4%91%E1%BA%BF-m%C5%A9i-vi%E1%BB%81n-k%E1%BA%BB-Caro-2-m%C3%A0u-si%C3%AAu-hot-i.128545895.2065187975?sp_atk=df3f862f-4aee-4630-bd72-1328086e8849&xptdk=df3f862f-4aee-4630-bd72-1328086e8849', 'https://shopee.vn/FREESHIP-D%C3%A9p-S%E1%BB%A5c-N%E1%BB%AF-2-quai-ch%E1%BA%A5t-da-m%E1%BB%81m-%C3%AAm-ch%C3%A2n-002-i.132482029.7247834197?sp_atk=9283eb9b-337a-4333-9413-b9df3e534c43&xptdk=9283eb9b-337a-4333-9413-b9df3e534c43', 'https://shopee.vn/Gi%C3%A0y-%C4%91%C3%A1-b%C3%B3ng-%C4%91%C3%A1-banh-s%C3%A2n-c%E1%BB%8F-nh%C3%A2n-t%E1%BA%A1o-i.59692223.1808597351?sp_atk=bfcc4dc0-7e42-481a-b4bc-4d4b04f9ba27&xptdk=bfcc4dc0-7e42-481a-b4bc-4d4b04f9ba27', 'https://shopee.vn/D%C3%A9p-b%C3%A1nh-m%C3%AC-nam-n%E1%BB%AF-%C4%91%E1%BA%BF-cao-5cm-d%C3%A9p-quai-ngang-ch%E1%BA%A5t-li%E1%BB%87u-Eva-cao-c%E1%BA%A5p-i.34456910.15791396126?sp_atk=7f844b0d-331b-47c6-a196-f46a741acd03&xptdk=7f844b0d-331b-47c6-a196-f46a741acd03', 'https://shopee.vn/Gi%C3%A0y-Lolita-N%E1%BB%AF-Quai-Ng%E1%BB%8Dc-BU%E1%BB%98C-N%C6%A0-Cao-C%E1%BA%A5p-(%C4%91%E1%BA%B7t-l%C3%B9i-1-sz)-Gi%C3%A0y-b%C3%BAp-b%C3%AA-n%E1%BB%AF-%C4%91%E1%BA%BF-%C4%91%E1%BB%99n-4-ph%C3%A2n-2-m%C3%A0u-si%C3%AAu-h%C3%B3t-i.128545895.18726924672?sp_atk=c7267530-f672-444c-862d-f2c7f4642629&xptdk=c7267530-f672-444c-862d-f2c7f4642629', 'https://shopee.vn/D%C3%A9p-S%E1%BB%A5c-Cross-%C4%90%E1%BA%BF-B%C3%A1nh-M%C3%AC-T%C4%83ng-Chi%E1%BB%81u-Cao-%C4%90%C3%ADnh-Sticker-2D-i.788908334.18249538621?sp_atk=001a7bb3-4bb1-4cb3-ab94-7d64393e0649&xptdk=001a7bb3-4bb1-4cb3-ab94-7d64393e0649', 'https://shopee.vn/Gi%C3%A0y-n%E1%BB%AF-%C4%91%E1%BA%BF-cao-hack-chi%E1%BB%81u-cao-2-s%E1%BB%8Dc-hottrend-%E2%84%82%F0%9D%94%B8%F0%9D%95%84%F0%9D%95%8A%F0%9D%95%8B%F0%9D%95%86%E2%84%9D%F0%9D%94%BC-i.1244398.3017024580?sp_atk=de0f64af-4716-450b-b95e-a54039621111&xptdk=de0f64af-4716-450b-b95e-a54039621111', 'https://shopee.vn/D%C3%A9p-b%C3%B4ng-h%C3%ACnh-th%C3%BA-d%C3%A9p-n%E1%BB%AF-%C4%91i-trong-nh%C3%A0-h%C3%ACnh-th%E1%BB%8F-%C4%91%C3%A1ng-y%C3%AAu-%C4%91%E1%BA%BF-EVA-kh%C3%B4ng-th%E1%BA%A5m-n%C6%B0%E1%BB%9Bc-%C4%91i-%C4%91%C6%B0%E1%BB%A3c-ngo%C3%A0i-tr%E1%BB%9Di-DV04-i.823085358.13697351503?sp_atk=28d928c2-449e-4e96-b94e-e6c74aa42861&xptdk=28d928c2-449e-4e96-b94e-e6c74aa42861', 'https://shopee.vn/(-Video-Th%E1%BA%ADt-)-Gi%C3%A0y-Th%E1%BB%83-Thao-Nam-Gi%C3%A0y-Sneaker-Nam-M%C3%A0u-Loang-Si%C3%AAu-%C4%90%E1%BA%B9p-%C4%90%E1%BA%BF-%C3%8Am-C%E1%BB%B1c-Ch%E1%BA%A5t-M%E1%BA%ABu-Hot-2023-i.96414080.21530457918?sp_atk=4e9ce2bd-9d9b-4451-8476-8ab0e22c774f&xptdk=4e9ce2bd-9d9b-4451-8476-8ab0e22c774f']"
Giày Dép Nam,"['https://shopee.vn/D%C3%A9p-S%E1%BB%A5c-H%C3%A0-M%C3%A3-M%E1%BA%AFt-To-D%E1%BB%85-Th%C6%B0%C6%A1ng-Hot-Trend-i.788908334.18364417343?sp_atk=d4b21319-0893-4e73-a6ff-c968d969fb61&xptdk=d4b21319-0893-4e73-a6ff-c968d969fb61', 'https://shopee.vn/Gi%C3%A0y-th%E1%BB%83-thao-v%E1%BA%A3i-nam-n%E1%BB%AF-%C4%91%E1%BB%99n-%C4%91%E1%BA%BF-m%C5%A9i-vi%E1%BB%81n-k%E1%BA%BB-Caro-2-m%C3%A0u-si%C3%AAu-hot-i.128545895.2065187975?sp_atk=63873a3d-b54a-4ad4-a2d4-90f0941e16cc&xptdk=63873a3d-b54a-4ad4-a2d4-90f0941e16cc', 'https://shopee.vn/Gi%C3%A0y-Nike_Air-Force-1-V%E1%BB%87t-N%C3%A2u-C%E1%BB%95-Th%E1%BA%A5p-Th%E1%BB%83-Thao-N%E1%BB%AF-Nam-Gi%C3%A0y-Sneaker-AF1-Tr%E1%BA%AFng-%C4%90%E1%BA%BF-Cao-%C4%90i-H%E1%BB%8Dc-Gi%C3%A1-R%E1%BA%BB-Full-Box-i.430854846.8076948188?sp_atk=f31b7418-74f6-441d-bf57-fe3689dfd422&xptdk=f31b7418-74f6-441d-bf57-fe3689dfd422', 'https://shopee.vn/Gi%C3%A0y-%C4%91%C3%A1-b%C3%B3ng-%C4%91%C3%A1-banh-s%C3%A2n-c%E1%BB%8F-nh%C3%A2n-t%E1%BA%A1o-i.59692223.1808597351?sp_atk=4d603951-2846-493b-9b6d-9694b4e6497b&xptdk=4d603951-2846-493b-9b6d-9694b4e6497b', 'https://shopee.vn/D%C3%A9p-b%C3%A1nh-m%C3%AC-nam-n%E1%BB%AF-%C4%91%E1%BA%BF-cao-5cm-d%C3%A9p-quai-ngang-ch%E1%BA%A5t-li%E1%BB%87u-Eva-cao-c%E1%BA%A5p-i.34456910.15791396126?sp_atk=5d7f40b5-4154-416c-8183-5d6c58fecd42&xptdk=5d7f40b5-4154-416c-8183-5d6c58fecd42', 'https://shopee.vn/Gi%C3%A0y-n%E1%BB%AF-%C4%91%E1%BA%BF-cao-hack-chi%E1%BB%81u-cao-2-s%E1%BB%8Dc-hottrend-%E2%84%82%F0%9D%94%B8%F0%9D%95%84%F0%9D%95%8A%F0%9D%95%8B%F0%9D%95%86%E2%84%9D%F0%9D%94%BC-i.1244398.3017024580?sp_atk=a5a0d18c-8391-4678-a1e3-af068c657c58&xptdk=a5a0d18c-8391-4678-a1e3-af068c657c58', 'https://shopee.vn/D%C3%A9p-%C4%90%C3%BAc-B%C3%A1nh-M%E1%BB%B3-Quai-Ngang-K%C3%A8m-Sticker-i.788908334.21708989911?sp_atk=6078940a-51cc-4386-a0d2-0d2c171c2d63&xptdk=6078940a-51cc-4386-a0d2-0d2c171c2d63', 'https://shopee.vn/(-Video-Th%E1%BA%ADt-)-Gi%C3%A0y-Th%E1%BB%83-Thao-Nam-Gi%C3%A0y-Sneaker-Nam-M%C3%A0u-Loang-Si%C3%AAu-%C4%90%E1%BA%B9p-%C4%90%E1%BA%BF-%C3%8Am-C%E1%BB%B1c-Ch%E1%BA%A5t-M%E1%BA%ABu-Hot-2023-i.96414080.21530457918?sp_atk=d185a778-c8ea-4694-9be3-19096723f4ba&xptdk=d185a778-c8ea-4694-9be3-19096723f4ba', 'https://shopee.vn/D%C3%89P-%C4%90%C3%81M-M%C3%82Y-D%E1%BB%84-TH%C6%AF%C6%A0NG-KO-TR%C6%A0N-TR%C6%AF%E1%BB%A2T-CAO-C%E1%BA%A4P-%C4%91%E1%BB%99n-%C4%91%E1%BA%BF-i.132701935.17680917948?sp_atk=7994c2cd-f7ef-4cf0-ad79-7131fef51fc0&xptdk=7994c2cd-f7ef-4cf0-ad79-7131fef51fc0', 'https://shopee.vn/Gi%C3%A0y-th%E1%BB%83-thao-n%E1%BB%AF-TED-vi%E1%BB%81n-l%C3%BAa-%C4%91%E1%BB%99n-%C4%91%E1%BA%BF-cao-5cm-ch%E1%BA%A5t-li%E1%BB%87u-da-si%C3%AAu-%C4%91%E1%BA%B9p-m%E1%BA%ABu-m%E1%BB%9Bi-nh%E1%BA%A5t-2022-hot-trend-seaker-n%E1%BB%AF-%C4%91i-h%E1%BB%8Dc-%C4%91%E1%BA%BF-b%E1%BA%B1ng-i.213635488.23100348833?sp_atk=b3c3b07f-d16f-4d96-ab64-81870da9eb92&xptdk=b3c3b07f-d16f-4d96-ab64-81870da9eb92']"
Túi Ví Nữ,"['https://shopee.vn/T%C3%BAi-x%C3%A1ch-n%E1%BB%AF-%C4%91eo-ch%C3%A9o-th%E1%BB%9Di-trang-%C4%91i-ch%C6%A1i-gi%C3%A1-r%E1%BA%BB-phong-c%C3%A1ch-H%C3%A0n-Qu%E1%BB%91c-Ms01-i.2293307.5782655171?sp_atk=c201cb09-ee45-44fe-ae57-9e0e2f885aa1&xptdk=c201cb09-ee45-44fe-ae57-9e0e2f885aa1', 'https://shopee.vn/Balo-du-l%E1%BB%8Bch-%C4%91i-h%E1%BB%8Dc-gi%C3%A1-r%E1%BA%BB-th%E1%BB%9Di-trang-cute-%C4%91%E1%BA%B9p-MiniCat-BL464-(-kh%C3%B4ng-c%C3%B3-m%C3%B3c-g%E1%BA%A5u)-i.171702955.13379407924?sp_atk=2b45aae5-ae6b-419a-ae7e-bb2b27cb49c1&xptdk=2b45aae5-ae6b-419a-ae7e-bb2b27cb49c1', 'https://shopee.vn/T%C3%BAi-%C4%91eo-ch%C3%A9o-n%E1%BB%AF-T%C3%BAi-x%C3%A1ch-n%E1%BB%AF-th%E1%BB%9Di-trang-ng%C4%83n-tr%E1%BA%A7n-tr%C3%A1m-kho%C3%A1-s%E1%BA%ADp-ch%E1%BB%91ng-r%C6%A1i-%C4%91%E1%BB%93-quai-%C4%91eo-da-lu%E1%BB%93n-x%C3%ADch-phong-c%C3%A1ch-TX015-i.82975385.18649950048?sp_atk=1afa1acd-a009-4869-aa11-339c8e5294d2&xptdk=1afa1acd-a009-4869-aa11-339c8e5294d2', 'https://shopee.vn/T%C3%BAi-x%C3%A1ch-nh%C3%BAm-quai-tr%C3%B2n-%C4%91%C3%ADnh-%C4%91%C3%A1-l%E1%BA%A5p-l%C3%A1nh-i.79229480.17784472803?sp_atk=3cb9ccff-1f26-4934-b4bc-c20ccac51aca&xptdk=3cb9ccff-1f26-4934-b4bc-c20ccac51aca', 'https://shopee.vn/T%C3%BAi-x%C3%A1ch-n%E1%BB%AF-%C4%91eo-ch%C3%A9o-%C4%91i-ch%C6%A1i-gi%C3%A1-r%E1%BA%BB-th%E1%BB%9Di-trang-H%C3%A0n-Qu%E1%BB%91c-%C3%B4-tr%C3%A1m-kho%C3%A1-b%C3%B3p-ngang-d%C3%A2y-X%C3%ADch-(M%E1%BB%9Bi)-i.2293307.7774723141?sp_atk=996529b5-6de3-4c13-b245-75ee287621b0&xptdk=996529b5-6de3-4c13-b245-75ee287621b0', 'https://shopee.vn/Balo-Ulzzang-H%C3%A0n-Qu%E1%BB%91c-Th%E1%BB%9Di-Trang-%C4%90i-H%E1%BB%8Dc-%C4%90i-Ch%C6%A1i-Ph%E1%BB%91i-L%C6%B0%E1%BB%9Bi-Ch%E1%BB%91ng-Th%E1%BA%A5m-i.64843176.8276588011?sp_atk=481e8c7e-eb68-4917-adc0-f246ab9ed99a&xptdk=481e8c7e-eb68-4917-adc0-f246ab9ed99a', 'https://shopee.vn/T%C3%BAi-%C4%91eo-ch%C3%A9o-n%E1%BB%AF-t%C3%BAi-x%C3%A1ch-n%E1%BB%AF-phong-c%C3%A1ch-h%C3%A0n-qu%E1%BB%91c-quai-nh%C3%BAm-8386-i.31214702.18035803003?sp_atk=81ee1115-3678-4dfb-b7fa-2222d03d5eb8&xptdk=81ee1115-3678-4dfb-b7fa-2222d03d5eb8', 'https://shopee.vn/T%C3%BAi-x%C3%A1ch-n%E1%BB%AF-c%C3%B4ng-s%E1%BB%9F-%C4%91%E1%BA%B9p-tote-da-pu-%C4%91ee-v%E1%BB%ABa-A4-k%E1%BA%B9p-n%C3%A1ch-%C4%91eo-vai-%C4%91i-h%E1%BB%8Dc-%C4%91i-ch%C6%A1i-th%E1%BB%9Di-trang-cao-c%E1%BA%A5p-gi%C3%A1-r%E1%BA%BB-i.399500127.16223611276?sp_atk=5cb4f74b-c2c0-4ce4-a308-22905084e8b8&xptdk=5cb4f74b-c2c0-4ce4-a308-22905084e8b8', 'https://shopee.vn/T%C3%BAi-X%C3%A1ch-N%E1%BB%AF-%C4%90eo-Ch%C3%A9o-%C4%90eo-Vai-%C4%90i-L%C3%A0m-%C4%90i-Ch%C6%A1i-Th%E1%BB%9Di-Trang-H%C3%A0ng-Hi%E1%BB%87u-LUMALO-STORE-TX39-i.894432078.14294597066?sp_atk=7284fd2f-08e9-4dc8-9a18-446c15e84503&xptdk=7284fd2f-08e9-4dc8-9a18-446c15e84503', 'https://shopee.vn/Balo-ulzzang-h%C3%A0n-qu%E1%BB%91c-ba-l%C3%B4-n%E1%BB%AF-ch%E1%BB%91ng-n%C6%B0%E1%BB%9Bc-h%E1%BB%8Da-ti%E1%BA%BFt-tr%E1%BB%A9ng-r%C3%A1n-MRMI-BL1-i.921320848.23612649145?sp_atk=51ea7707-5f51-4c20-8133-e1035097c8d7&xptdk=51ea7707-5f51-4c20-8133-e1035097c8d7']"
Thiết Bị Điện Gia Dụng,"['https://shopee.vn/M%C3%A1y-th%E1%BB%95i-nhi%E1%BB%87t-kh%C3%B2-n%C3%B3ng-m%C3%A0ng-co-2200W-c%C3%B4ng-su%E1%BA%A5t-cao-n%C3%B3ng-nhanh-c%C3%B3-%C4%91i%E1%BB%81u-ch%E1%BB%89nh-nhi%E1%BB%87t-%C4%91%E1%BB%99-h%C3%A0ng-ch%E1%BA%A5t-l%C6%B0%E1%BB%A3ng-i.268329005.20729489043?sp_atk=a00d92fb-81bd-4829-8c4c-48e6e306cb67&xptdk=a00d92fb-81bd-4829-8c4c-48e6e306cb67', 'https://shopee.vn/Qu%E1%BA%A1t-T%E1%BA%A3n-Nhi%E1%BB%87t-Cho-%C4%90i%E1%BB%87n-Tho%E1%BA%A1i-Di-%C4%90%E1%BB%99ng-V%C3%A0-Thi%E1%BA%BFt-B%E1%BB%8B-Android-i.478971431.21512543050?sp_atk=d8f1f3eb-cf45-4a92-b53c-0baddf6840c0&xptdk=d8f1f3eb-cf45-4a92-b53c-0baddf6840c0', 'https://shopee.vn/M%E1%BB%8F-h%C3%A0n-thi%E1%BA%BFc-m%C3%A1y-h%C3%A0n-thi%E1%BA%BFc-mini-%C4%91i%E1%BB%81u-ch%E1%BB%89nh-nhi%E1%BB%87t-%C4%91%E1%BB%99-Soldering-Iron-SL926-220v-90w-t%E1%BA%B7ng-b%E1%BB%8Dt-bi%E1%BB%83n-nh%E1%BB%B1a-th%C3%B4ng-i.27117857.19218055277?sp_atk=54c6f74a-4d41-47d6-9094-a8cd14293e0c&xptdk=54c6f74a-4d41-47d6-9094-a8cd14293e0c', 'https://shopee.vn/N%E1%BB%93i-C%C6%A1m-%C4%90i%E1%BB%87n-mini-1L-1.2L-1.8L-CUCKOO-CR387-Ki%E1%BB%83u-d%C3%A1ng-H%C3%A0n-Qu%E1%BB%91c-%C4%91%C3%A1ng-y%C3%AAu-i.12046664.20547062150?sp_atk=3288cdf3-71da-48bb-9d5b-23dfa987c494&xptdk=3288cdf3-71da-48bb-9d5b-23dfa987c494', 'https://shopee.vn/M%C3%A1y-s%C6%B0%E1%BB%9Fi-%E1%BA%A5m-mini-c%E1%BA%A7m-tay-%C4%91a-n%C4%83ng-i.28228365.16190853299?sp_atk=87ac3743-371d-415f-a826-de145044c4f7&xptdk=87ac3743-371d-415f-a826-de145044c4f7', 'https://shopee.vn/M%C3%A1y-h%C3%BAt-b%E1%BB%A5i-c%E1%BA%A7m-tay-mini-kh%C3%B4ng-d%C3%A2y-si%C3%AAu-ti%E1%BB%87n-l%E1%BB%A3i-h%C3%BAt-b%E1%BB%A5i-xe-%C3%B4-t%C3%B4-gi%C6%B0%E1%BB%9Dng-n%E1%BB%87m-l%C3%B4ng-ch%C3%B3-m%C3%A8o-%C4%91a-ch%E1%BB%A9c-n%C4%83ng-M1-i.909216899.23107801278?sp_atk=4367e124-c235-4c74-a515-1406383afc25&xptdk=4367e124-c235-4c74-a515-1406383afc25', 'https://shopee.vn/%C4%90%C3%A8n-s%C6%B0%E1%BB%9Fi-h%C3%ACnh-c%C3%A1-2-b%C3%B3ng-cao-c%E1%BA%A5p-ti%E1%BA%BFt-ki%E1%BB%87m-%C4%91i%E1%BB%87n-n%C4%83ng-an-to%C3%A0n-cho-b%C3%A9-i.804307901.20450941609?sp_atk=21b7416c-b18a-4f00-94d7-405a350229ca&xptdk=21b7416c-b18a-4f00-94d7-405a350229ca', 'https://shopee.vn/B%E1%BA%BFp-ga-mini-INTERNATIONAl-i.12112667.389262524?sp_atk=d1a4a28b-8837-41b0-b021-1462d7a3954e&xptdk=d1a4a28b-8837-41b0-b021-1462d7a3954e', 'https://shopee.vn/Qu%E1%BA%A1t-t%E1%BA%A3n-nhi%E1%BB%87t-%C4%91i%E1%BB%87n-tho%E1%BA%A1i-s%C3%B2-l%E1%BA%A1nh-MEMO-DL05-FL05-G6-ch%C6%A1i-PUBG-FF-ROS-Si%C3%AAu-l%E1%BA%A1nh-hi%E1%BB%83n-th%E1%BB%8B-nhi%E1%BB%87t-%C4%91%E1%BB%99-LED-RGB-K%E1%BA%B9p-2-chi%E1%BB%81u-i.80267699.16518590268?sp_atk=4900755e-c059-4685-b059-2c4f160167b0&xptdk=4900755e-c059-4685-b059-2c4f160167b0', 'https://shopee.vn/Ph%E1%BB%A5-ki%E1%BB%87n-Robot-h%C3%BAt-b%E1%BB%A5i-Xiaomi-Mop-Pro-Mop-P-Mijia-Gen-2-M%C3%A0ng-l%E1%BB%8Dc-hepa-Kh%C4%83n-lau-Ch%E1%BB%95i-gi%E1%BB%AFa-Ch%E1%BB%95i-c%E1%BA%A1nh-i.311687248.12356842828?sp_atk=904f4fd0-71a4-4d85-916b-0bc79b5883de&xptdk=904f4fd0-71a4-4d85-916b-0bc79b5883de']"
Phụ Kiện & Trang Sức Nữ,"['https://shopee.vn/K%C3%ADnh-g%E1%BB%8Dng-c%E1%BA%ADn-nam-n%E1%BB%AF-th%E1%BB%9Di-trang-ch%E1%BB%AF-V-m%E1%BA%AFt-k%C3%ADnh-kh%C3%B4ng-%C4%91%E1%BB%99-ch%E1%BB%91ng-tia-UV-phong-c%C3%A1ch-Ulzzang-%C4%91%E1%BA%B9p-gi%C3%A1-r%E1%BA%BB-LUMINA-017-i.492779762.8082390524?sp_atk=a3d8f79e-2f7a-4072-9ecf-e29631b9b13b&xptdk=a3d8f79e-2f7a-4072-9ecf-e29631b9b13b', 'https://shopee.vn/-H%C3%80NG-HI%E1%BB%86U-Th%E1%BA%AFt-L%C6%B0ng-Da-Nam-Kh%C3%B3a-T%E1%BB%B1-%C4%90%E1%BB%99ng-Cao-C%E1%BA%A5p-D%C3%A2y-N%E1%BB%8Bt-Nam-M%E1%BA%B7t-Xoay-Ch%C3%ADnh-H%C3%A3ng-Phong-C%C3%A1ch-H%C3%A0n-Qu%E1%BB%91c-v77men-i.493704632.19223431141?sp_atk=35effccd-5e91-42f5-b80a-0ae4ecbeeb39&xptdk=35effccd-5e91-42f5-b80a-0ae4ecbeeb39', 'https://shopee.vn/Tr%C3%A2m-C%C3%A0i-%C3%81o-H%C3%ACnh-%C4%90%E1%BB%99ng-V%E1%BA%ADt-Ho%E1%BA%A1t-H%C3%ACnh-D%E1%BB%85-Th%C6%B0%C6%A1ng-i.498620246.18258694010?sp_atk=e71ff34e-ce41-4168-9e94-4e5d2ca31b3b&xptdk=e71ff34e-ce41-4168-9e94-4e5d2ca31b3b', 'https://shopee.vn/M%C5%A9-l%C6%B0%E1%BB%A1i-trai-nam-n%E1%BB%AF-form-m%E1%BB%81m-%C4%91a-d%E1%BA%A1ng-h%E1%BB%8Da-ti%E1%BA%BFt-th%C3%AAu-ch%E1%BB%AF-N%C3%B3n-k%E1%BA%BFt-phong-c%C3%A1ch-h%C3%A0n-qu%E1%BB%91c-M08-i.55849425.18445073841?sp_atk=b2b762b9-9a77-4be9-8c2c-727b3c8198e8&xptdk=b2b762b9-9a77-4be9-8c2c-727b3c8198e8', 'https://shopee.vn/K%C3%ADnh-ch%E1%BB%91ng-%C3%A1nh-s%C3%A1ng-xanh-ch%E1%BB%91ng-b%E1%BB%A9c-x%E1%BA%A1-th%E1%BB%9Di-trang-tr%E1%BA%BB-trung-i.363438861.17339279704?sp_atk=7ec5746f-5665-4ff1-8148-4984a9b9d502&xptdk=7ec5746f-5665-4ff1-8148-4984a9b9d502', 'https://shopee.vn/Set-10-%C4%91%C3%B4i-t%E1%BA%A5t-tr%E1%BA%AFng-in-h%C3%ACnh-g%E1%BA%A5u-th%E1%BB%8F-cute-i.8458890.12319129868?sp_atk=b797efce-ba65-4e7e-a67f-84a7bcbb9299&xptdk=b797efce-ba65-4e7e-a67f-84a7bcbb9299', 'https://shopee.vn/Kh%E1%BA%A9u-trang-m%E1%BA%B7t-ng%C6%B0%E1%BB%9Di-c%C6%B0%E1%BB%9Di-in-h%C3%ACnh-mi%E1%BB%87ng-h%C3%A0i-h%C6%B0%E1%BB%9Bc-vui-nh%E1%BB%99n-troll-d%E1%BB%8B-_2350-CARTWELL-ch%E1%BA%A5t-li%E1%BB%87u-v%E1%BA%A3i-m%E1%BB%81m-2-l%E1%BB%9Bp-ph%C3%B2ng-d%E1%BB%8Bch-i.471599755.8394699451?sp_atk=ae585d98-29d4-4906-b22c-2b52b77cd760&xptdk=ae585d98-29d4-4906-b22c-2b52b77cd760', 'https://shopee.vn/B%C4%83ng-%C4%90%C3%B4-C%C3%A0i-T%C3%B3c-B%E1%BB%8Dt-Bi%E1%BB%83n-Cao-C%E1%BA%A5p-Th%E1%BB%9Di-Trang-Thu-%C4%90%C3%B4ng-H%C3%A0n-Qu%E1%BB%91c-M%E1%BB%9Bi-i.365563063.12954596194?sp_atk=dc978462-6f98-4b61-a2ed-164b4ba55703&xptdk=dc978462-6f98-4b61-a2ed-164b4ba55703', 'https://shopee.vn/Khuy%C3%AAn-Tai-Th%C3%A9p-Kh%C3%B4ng-G%E1%BB%89-Kh%C3%B4ng-B%E1%BA%A5m-L%E1%BB%97-Cho-Nam-Khuy%C3%AAn-Tai-Nam-Kh%C3%B4ng-C%E1%BA%A7n-B%E1%BA%A5m-L%E1%BB%97-i.80060911.1381012996?sp_atk=b4047ce0-8d43-416c-bc8c-cc224c4648e8&xptdk=b4047ce0-8d43-416c-bc8c-cc224c4648e8', 'https://shopee.vn/V%E1%BB%9B-D%E1%BB%87t-Kim-D%C3%A0i-Qua-G%E1%BB%91i-70cm-Gi%E1%BB%AF-%E1%BA%A4m-Ch%C3%A2n-V%C3%A0o-M%C3%B9a-%C4%90%C3%B4ng-Phong-C%C3%A1ch-Lolita-H%C3%A0n-Qu%E1%BB%91c-Cho-N%E1%BB%AF-i.733528750.23902127093?sp_atk=a27583bb-d54f-440b-ac13-35e10a39b717&xptdk=a27583bb-d54f-440b-ac13-35e10a39b717']"
Thể Thao & Du Lịch,"['https://shopee.vn/M%E1%BB%93i-C%C3%A2u-Lure-Chu%E1%BB%99t-LK-Size-7g-L%C6%B0%E1%BB%A1i-Titan-%C4%90%E1%BB%99-T%E1%BB%B7-L%E1%BB%87-Bong-C%C3%A1-C%E1%BB%B1c-Th%E1%BA%A5p-i.169900231.21668249211?sp_atk=562c56be-d533-4b6e-9de5-7d4e613b3f0f&xptdk=562c56be-d533-4b6e-9de5-7d4e613b3f0f', 'https://shopee.vn/%C4%90%C3%A8n-Pin-%C4%90eo-%C4%90%E1%BA%A7u-5-B%C3%B3ng-Si%C3%AAu-S%C3%A1ng-V%E1%BB%9Bi-4-Ch%E1%BA%BF-%C4%90%E1%BB%99-Chi%E1%BA%BFu-Xa-R%E1%BB%99ng-Nh%C3%A1y-%C4%90%C3%A8n-%C4%90%C3%A8n-Pin-%C4%90eo-Ch%C3%A1n-Ch%E1%BB%91ng-N%C6%B0%E1%BB%9Bc-i.909216899.21865233422?sp_atk=86d7829f-bee3-435b-afaf-e874478d790e&xptdk=86d7829f-bee3-435b-afaf-e874478d790e', 'https://shopee.vn/Gi%C3%A0y-%C4%91%C3%A1-b%C3%B3ng-c%E1%BB%95-cao-SUPERFLY_MINO_D%C3%B2ng-%C3%B4m-ch%C3%A2n_may-%C4%91%E1%BA%BF_b%E1%BA%A3o-h%C3%A0nh-i.140115397.18101119357?sp_atk=b24108fd-9c45-4a5a-8458-89fe4e261237&xptdk=b24108fd-9c45-4a5a-8458-89fe4e261237', 'https://shopee.vn/QU%E1%BA%A6N-GI%E1%BB%AE-NHI%E1%BB%86T-NAM-COMBAT-PRO-M%C3%80U-%C4%90EN-i.47357671.4959164511?sp_atk=0df277c5-76ac-4ca1-9fdd-a57b5d6b874d&xptdk=0df277c5-76ac-4ca1-9fdd-a57b5d6b874d', 'https://shopee.vn/N%C3%A1-Cao-Su-Gi%C3%A1-R%E1%BA%BB-Laze-N%C3%A1-Nh%E1%BB%B1a-%C4%90en-ABS-Ch%E1%BA%AFc-Ch%E1%BA%AFn-An-To%C3%A0n-Ch%E1%BA%A1c-8.3-T%E1%BA%B7ng-Ng%E1%BA%AFm-Th%E1%BB%A7y-Laze-Si%C3%AAu-S%C3%A1ng-D%C3%A2y-N%C3%A1-Bi-i.145894009.17088803548?sp_atk=d18f5cc5-406c-4475-b668-2ffd967f940c&xptdk=d18f5cc5-406c-4475-b668-2ffd967f940c', 'https://shopee.vn/%E1%BB%A6ng-%C4%90i-M%C6%B0a-B%E1%BB%8Dc-Gi%C3%A0y-%C4%90i-M%C6%B0a-C%E1%BB%95-Cao-V%E1%BB%9Bi-Ch%E1%BA%A5t-Li%E1%BB%87u-Nh%E1%BB%B1a-PVC-2-L%E1%BB%9Bp-H%C3%A0ng-Cao-C%E1%BA%A5p-i.31161570.1343578185?sp_atk=5ab82810-9c48-4825-8a20-bb2486705127&xptdk=5ab82810-9c48-4825-8a20-bb2486705127', 'https://shopee.vn/Gi%C3%A0y-%C4%91%C3%A1-b%C3%B3ng-nam-Superfly-9-Air_D%C3%B2ng-%C3%B4m-ch%C3%A2n_may-%C4%91%E1%BA%BF_b%E1%BA%A3o-h%C3%A0nh-i.358296186.18759583357?sp_atk=84646e87-4284-4ce8-8e01-07911adbf269&xptdk=84646e87-4284-4ce8-8e01-07911adbf269', 'https://shopee.vn/Chai-chi%E1%BA%BFt-N%C6%B0%E1%BB%9Bc-Hoa-Thu%E1%BB%B7-Tinh-10ML-Ti%E1%BB%87n-D%E1%BB%A5ng-i.287624097.8810600584?sp_atk=18a15beb-2e18-4e12-88dc-ecb81dfbe7b2&xptdk=18a15beb-2e18-4e12-88dc-ecb81dfbe7b2', 'https://shopee.vn/B%E1%BB%99-c%E1%BA%A7n-c%C3%A2u-gi%C3%A1-r%E1%BA%BB-KHP-1m8-%C4%91%E1%BA%BFn-3m6-k%C3%A8m-m%C3%A1y-d%C3%A2y-b%E1%BB%99-phao-l%C6%B0%E1%BB%A1i-nh%C3%A1i-gi%E1%BA%A3-i.726658472.17030983433?sp_atk=b5a947d0-8035-4148-bf95-8003002f68e0&xptdk=b5a947d0-8035-4148-bf95-8003002f68e0', 'https://shopee.vn/B%C3%93-G%E1%BB%90I-TH%E1%BB%82-THAO-PJ-B%C4%82NG-B%E1%BA%A2O-V%E1%BB%86-%C4%90%E1%BA%A6U-G%E1%BB%90I-PJ-(-H%E1%BB%99p-1-Chi%E1%BA%BFc-)-QU%E1%BA%A4N-G%E1%BB%90I-B%C3%93NG-%C4%90%C3%81-B%C3%93NG-CHUY%E1%BB%80N-B%C3%93NG-R%E1%BB%94-i.93425556.1987040655?sp_atk=c25ad946-a60f-48dc-9e6c-c18b72d4b5d4&xptdk=c25ad946-a60f-48dc-9e6c-c18b72d4b5d4']"
Bách Hóa Online,"['https://shopee.vn/B%C3%81NH-TR%C3%81NG-PH%C6%A0I-S%C6%AF%C6%A1NG-M%E1%BB%80M-D%E1%BA%BAO-K%C3%88M-MU%E1%BB%90I-T%C3%89P-H%C3%80NH-B%C6%A0-(250g-b%C3%A1nh-tr%C3%A1ng)-i.94916928.18939632967?sp_atk=9d00a9a6-1718-4b2b-af56-b25cfa7b32cc&xptdk=9d00a9a6-1718-4b2b-af56-b25cfa7b32cc', 'https://shopee.vn/Set-Tra%CC%80-S%C6%B0%CC%83a-T%C6%B0%CC%A3-Pha-Tr%C3%A2n-Ch%C3%A2u-%C4%90%C6%B0%C6%A1%CC%80ng-%C4%90en-THE-GARDEN-Nguy%C3%AAn-Li%C3%AA%CC%A3u-La%CC%80m-Tra%CC%80-S%C6%B0%CC%83a-Phu%CC%81c-Long-Matcha-10-v%E1%BB%8B-6-8-Ly-i.55718056.14155706616?sp_atk=8e0e35e0-b604-4425-a2c0-419fa29920ad&xptdk=8e0e35e0-b604-4425-a2c0-419fa29920ad', 'https://shopee.vn/COMBO-%C4%90%E1%BB%93-%C4%83n-v%E1%BA%B7t-CAY-SI%C3%8AU-HOT-TI%E1%BB%86M-C%E1%BB%94NG-TR%C6%AF%E1%BB%9CNG-20-G%C3%93I-i.242644740.4464181046?sp_atk=2be6d635-7458-4e83-ba5b-98df64a9fa93&xptdk=2be6d635-7458-4e83-ba5b-98df64a9fa93', 'https://shopee.vn/-M%E1%BB%9AI-2023-Ng%C5%A9-c%E1%BB%91c-Calbee-%C4%82n-Ki%C3%AAng-Gi%E1%BA%A3m-C%C3%A2n-Nh%E1%BA%ADt-B%E1%BA%A3n-mix-s%E1%BB%AFa-chua-hoa-qu%E1%BA%A3-tr%C3%A1i-c%C3%A2y-d%C3%B9ng-%C4%83n-s%C3%A1ng-(-750G-)-i.74256265.3752220793?sp_atk=2746f36e-2058-4b17-bc0c-f987d111e845&xptdk=2746f36e-2058-4b17-bc0c-f987d111e845', 'https://shopee.vn/Combo-b%C3%A1nh-tr%C3%A1ng-mu%E1%BB%91i-t%C3%A9p-h%C3%A0nh-H%E1%BB%A6-B%C6%A0-L%E1%BB%9AN-(250g-b%C3%A1nh)-i.94916928.18953008000?sp_atk=08f577ac-563c-4a63-8d9c-eb50e3d0b0b5&xptdk=08f577ac-563c-4a63-8d9c-eb50e3d0b0b5', 'https://shopee.vn/S%C3%A9t-Nguy%C3%AAn-li%E1%BB%87u-l%C3%A0m-k%E1%BA%B9o-Nougat-(850g)-K%C3%A8m-c%C3%B4ng-th%E1%BB%A9c-i.163737499.6663137304?sp_atk=561e186d-8e2a-400e-bc44-e638d98f6d21&xptdk=561e186d-8e2a-400e-bc44-e638d98f6d21', 'https://shopee.vn/%F0%9F%94%A5-FREESHIP-%C4%90%C6%A0N-T%E1%BB%AA-50K-B%C3%92-MI%E1%BA%BENG-H%E1%BA%B0NG-%C4%90%E1%BA%A0I-G%C3%93I-TO-40-MI%E1%BA%BENG-CAY-SI%C3%8AU-HOT-%C4%91%E1%BB%93-%C4%83n-v%E1%BA%B7t-b%C3%B2-x%C3%A9-cay-hot-i.242644740.4935719616?sp_atk=05e3b7da-f1ab-458d-9365-9c3fb060a4b1&xptdk=05e3b7da-f1ab-458d-9365-9c3fb060a4b1', 'https://shopee.vn/-GRO-GIFT-N%C6%B0%E1%BB%9Bc-r%E1%BB%ADa-ch%C3%A9n-POWER100-400G-i.137264191.20066790543?sp_atk=0eeb9826-3783-4ed0-9a4c-b89b8b1a32cf&xptdk=0eeb9826-3783-4ed0-9a4c-b89b8b1a32cf', 'https://shopee.vn/Thanh-g%E1%BA%A1o-l%E1%BB%A9t-ch%C3%A0-b%C3%B4ng-mix-h%E1%BA%A1t-%C4%83n-ki%C3%AAng-t%C3%BAi-1kg-i.54596546.20230742510?sp_atk=84cc1a53-4767-4558-a4c1-ba15feff7567&xptdk=84cc1a53-4767-4558-a4c1-ba15feff7567', 'https://shopee.vn/C%C3%A1c-lo%E1%BA%A1i-%C4%91%E1%BA%ADu-%C4%91%E1%BB%97-%C4%91%E1%BA%ADu-g%C3%A0-%C4%91%E1%BA%ADu-n%C3%A0nh-%C4%91%E1%BA%ADu-%C4%91%E1%BB%8F-%C4%91%E1%BA%ADu-xanh-%C4%91%E1%BA%ADu-h%C3%A0-lan-%C4%91%E1%BB%97-%C4%91en-xanh-l%C3%B2ng-%C4%91%E1%BA%ADu-ng%E1%BB%B1-%C4%91%E1%BA%ADu-c%C3%BAc-%C4%91%E1%BA%ADu-l%C4%83ng-i.213332380.16322357445?sp_atk=0124105d-ba51-4b8d-913b-8205834b07bc&xptdk=0124105d-ba51-4b8d-913b-8205834b07bc']"
Ô Tô & Xe Máy & Xe Đạp,"['https://shopee.vn/G%C6%B0%C6%A1ng-g%C3%B9-ch%C3%A2n-g%C6%B0%C6%A1ng-Crg.Nh%C3%B4m-CNC-l%E1%BA%AFp-th%C3%B4ng-d%E1%BB%A5ng-t%E1%BA%A5t-c%E1%BA%A3-c%C3%A1c-d%C3%B2ng-xe-i.91433449.2451534770?sp_atk=cf4b5464-106b-40ab-a1d2-db663c257b63&xptdk=cf4b5464-106b-40ab-a1d2-db663c257b63', 'https://shopee.vn/C%C3%B2i-h%C3%BA-3-n%C3%BAt-l%E1%BA%AFp-xe-m%C3%A1y-xe-%C4%91i%E1%BB%87n.Nh%E1%BB%8F-g%E1%BB%8Dn-d%E1%BB%85-d%C3%A0ng-l%E1%BA%AFp-%C4%91%E1%BA%B7t-i.123192928.2638854235?sp_atk=af8ffb20-5d49-4631-91a3-035b3e32944d&xptdk=af8ffb20-5d49-4631-91a3-035b3e32944d', 'https://shopee.vn/-M%E1%BA%ABu-m%E1%BB%9Bi-Chai-x%E1%BB%8Bt-v%E1%BB%87-sinh-s%C3%AAn-x%C3%ADch-b%E1%BA%A3o-d%C6%B0%E1%BB%A1ng-b%C3%B4i-tr%C6%A1n-s%C3%AAn-SPRAYKING-d%C3%B9ng-cho-xe-m%C3%A1y-xe-m%C3%B4-t%C3%B4-s%C3%AAn-ph%E1%BB%91t-cao-su-s%C3%AAn-v%C3%A0-i.120430383.17159934749?sp_atk=bfa2f8e2-955c-42e6-b758-d571f8b5b71d&xptdk=bfa2f8e2-955c-42e6-b758-d571f8b5b71d', 'https://shopee.vn/-r%E1%BA%BB-%C4%91%E1%BA%B9p-N%C3%B3n-b%E1%BA%A3o-hi%E1%BB%83m-s%C6%A1n-NANO-g%E1%BA%AFn-%E1%BB%91c-cao-c%E1%BA%A5p.-i.14875312.17229471878?sp_atk=eba2392a-5731-4f38-8704-2afabbb919b2&xptdk=eba2392a-5731-4f38-8704-2afabbb919b2', 'https://shopee.vn/Tem-r%E1%BB%9Di-Wave-Alpha-100cc-50cc-(-%C4%90%E1%BB%9Di-2006-2016)-Nhi%E1%BB%81u-l%E1%BB%B1a-ch%E1%BB%8Dn-m%C3%A0u-s%E1%BA%AFc-Tem-3-l%E1%BB%9Bp-ch%E1%BB%91ng-phai-m%C3%A0u-M%E1%BA%ABu-612635-i.190500888.16231437687?sp_atk=8215f40a-87a4-41c3-93d2-ffd659b07752&xptdk=8215f40a-87a4-41c3-93d2-ffd659b07752', 'https://shopee.vn/Tay-x%C3%A1ch-inox-tr%E1%BA%AFng-Wave-110-wave-100-wave-50cc-i.127082376.20006252087?sp_atk=389de074-e172-48d2-917a-97b35e7c4f83&xptdk=389de074-e172-48d2-917a-97b35e7c4f83', 'https://shopee.vn/Chai-x%E1%BB%8Bt-phu%CC%A3c-ho%CC%82%CC%80i-nhu%CC%9B%CC%A3a-nha%CC%81m-nh%E1%BB%B1a-%C4%91en-du%CC%9Bo%CC%9B%CC%83ng-%C4%91en-da%CC%80n-nha%CC%81m-Sprayking-Plastic-Shine-400ml-d%C3%A0n-%C3%A1o-phai-m%C3%A0u-i.66509857.16416652670?sp_atk=1ba2c58e-1346-4fd1-8cf1-25aa130c96a5&xptdk=1ba2c58e-1346-4fd1-8cf1-25aa130c96a5', 'https://shopee.vn/1kg-bi-s%E1%BA%AFt-6m-6.35m-7mm-8mm-bi-9m-i.230536663.5831673843?sp_atk=95eb34f6-a9d8-4929-b3a1-141246896473&xptdk=95eb34f6-a9d8-4929-b3a1-141246896473', 'https://shopee.vn/Kh%C3%B3a-C%C3%A0ng-Xe-M%C3%A1y-M%C3%A3-S%E1%BB%91-Kh%C3%B3a-C%E1%BB%95ng-Kh%C3%B3a-C%E1%BB%ADa-Nh%C3%A0-Ch%E1%BB%91ng-N%C6%B0%E1%BB%9Bc-Ch%E1%BB%91ng-G%E1%BB%89-Kh%C3%B3a-V%E1%BB%9Bi-Thanh-Ch%E1%BB%91t-Kh%C3%B3a-Th%C3%A9p-To-Ch%E1%BB%91ng-C%E1%BA%AFt-An-To%C3%A0n-i.909216899.21765233948?sp_atk=7f517bdf-ab9e-4ea3-b81d-7b116b274124&xptdk=7f517bdf-ab9e-4ea3-b81d-7b116b274124', 'https://shopee.vn/Bao-Tay-Sh-Mode-K%C3%A8m-G%C3%B9-inox-Tr%E1%BA%AFng-Gi%C3%A1-1-%C4%90%C3%B4i--i.299851233.4948386124?sp_atk=78854e98-562d-4ea9-83b6-0c510760ae60&xptdk=78854e98-562d-4ea9-83b6-0c510760ae60']"
Nhà Sách Online,"['https://shopee.vn/6-bao-l%C3%AC-x%C3%AC-v%C3%A0ng-lixi-t%E1%BA%BFt-2023-in-h%C3%ACnh-ch%E1%BB%AF-n%E1%BB%95i-3D-truy%E1%BB%81n-th%E1%BB%91ng-sang-%C4%91%E1%BA%B9p-i.33329184.4372617028?sp_atk=9baa51f2-031a-4fa6-b88f-a1e44f8c7a59&xptdk=9baa51f2-031a-4fa6-b88f-a1e44f8c7a59', 'https://shopee.vn/B%C3%BAt-Xoay-%C4%90%E1%BB%93-Ch%C6%A1i-Ch%E1%BB%91ng-Tr%C6%B0%E1%BB%A3t-Gi%C3%BAp-Gi%E1%BA%A3m-C%C4%83ng-Th%E1%BA%B3ng-i.76221224.16170443663?sp_atk=ad750a0c-a971-4d50-b9d7-b10675c498bc&xptdk=ad750a0c-a971-4d50-b9d7-b10675c498bc', 'https://shopee.vn/K%E1%BB%87-%C4%91%E1%BB%B1ng-b%C3%BAt-DecorMe-%E1%BB%91ng-%C4%91%E1%BB%B1ng-b%C3%BAt-4-ng%C4%83n-basic-BW-h%E1%BB%99p-c%E1%BA%AFm-b%C3%BAt-%C4%91%E1%BB%83-b%C3%A0n-nhi%E1%BB%81u-ng%C4%83n-%C4%91a-n%C4%83ng-Muji-v%C4%83n-ph%C3%B2ng-ph%E1%BA%A9m-i.1145688.7000901953?sp_atk=37150c6b-aba6-4349-8f87-9e2218d6bbb5&xptdk=37150c6b-aba6-4349-8f87-9e2218d6bbb5', 'https://shopee.vn/com-bo-100-Bao-L%C3%AC-X%C3%AC-Chibi-Bao-L%C3%AC-X%C3%AC-Ho%E1%BA%A1t-H%C3%ACnh-T%E1%BA%BFt-Qu%C3%BD-M%C3%A3o-2023-ph%E1%BA%A3n-quang-L%C3%AC-X%C3%AC-Chibi-H%C3%ACnh-Con-M%C3%A8o-D%E1%BB%85-Th%C6%B0%C6%A1ng-%C4%90%E1%BB%99c-L%E1%BA%A1-i.4403634.19464565304?sp_atk=37af5b93-2c0c-4310-9023-6f325fd0b38d&xptdk=37af5b93-2c0c-4310-9023-6f325fd0b38d', 'https://shopee.vn/B%C3%BAt-Ch%C3%AC-M%C3%A0u-N%C6%B0%E1%BB%9Bc-72-M%C3%A0u-S%E1%BA%AFc-H%C3%B2a-Tan-Trong-N%C6%B0%E1%BB%9Bc-Chuy%C3%AAn-Nghi%E1%BB%87p-D%C3%A0nh-Cho-H%E1%BB%8Dc-Sinh-V%C4%83n-Ph%C3%B2ng-i.765342223.18101127517?sp_atk=d75baf6f-31b6-4248-a5dc-414a1faea842&xptdk=d75baf6f-31b6-4248-a5dc-414a1faea842', 'https://shopee.vn/B%C3%BAt-Gel-M%C3%A0u-Ng%C3%B2i-0.5mm-V%E1%BB%8F-Nh%E1%BB%B1a-Xinh-X%E1%BA%AFn-i.323948766.7266097175?sp_atk=e203645a-687a-4b47-b0f0-bba6a8000a83&xptdk=e203645a-687a-4b47-b0f0-bba6a8000a83', 'https://shopee.vn/L%C3%AC-x%C3%AC-2023-t%E1%BA%BFt-hot-trend-90-m%E1%BA%ABu-d%E1%BB%85-th%C6%B0%C6%A1ng-phong-lixi-%C4%91%E1%BB%8F-truy%E1%BB%81n-th%E1%BB%91ng-chibi-%C4%91%E1%BA%B9p-%C4%91%E1%BB%99c-l%E1%BA%A1-s%E1%BB%89-l%E1%BA%BB-gi%C3%A1-r%E1%BA%BB-i.76875094.5713708211?sp_atk=6d0e9232-4765-434e-b2ef-c4d170624bca&xptdk=6d0e9232-4765-434e-b2ef-c4d170624bca', 'https://shopee.vn/Gi%E1%BA%A5y-G%C3%B3i-Qu%C3%A0-vintage-T%E1%BA%BFt-sinh-nh%E1%BA%ADt-Noel-h%E1%BB%8Da-ti%E1%BA%BFt-gi%C3%A1ng-sinh-d%E1%BA%A1ng-kraft-si%C3%AAu-kinh-%C4%91i%E1%BB%83n-c%E1%BB%B1c-sang-VPP-Brendo--i.140549019.14001614021?sp_atk=db7fd95a-8176-46a4-a578-e0b57aaba07b&xptdk=db7fd95a-8176-46a4-a578-e0b57aaba07b', 'https://shopee.vn/T%C3%BAi-%C4%91%E1%BB%B1ng-b%C3%BAt-trong-su%E1%BB%91t-HAKI-b%E1%BA%B1ng-nh%E1%BB%B1a-PVC-cute-d%E1%BB%85-th%C6%B0%C6%A1ng-TB06-i.444126752.11705767432?sp_atk=c1154435-4bfd-4bb4-87e6-7aa8c2ec426c&xptdk=c1154435-4bfd-4bb4-87e6-7aa8c2ec426c', 'https://shopee.vn/B%C3%BAt-Quay-F-BC-Mod-d%C3%A0nh-cho-Pen-Spinning-i.2716096.78393870?sp_atk=49da3cbb-2ded-486f-bfe0-77c4d3f0f2fd&xptdk=49da3cbb-2ded-486f-bfe0-77c4d3f0f2fd']"
Balo & Túi Ví Nam,"['https://shopee.vn/Balo-Fortune-Mouse-laptop-ph%E1%BB%91i-m%C3%A0u-nhi%E1%BB%81u-ng%C4%83n-B197-i.132596437.6335167348?sp_atk=80457ca4-ecf0-46b8-882e-0e598c15db1a&xptdk=80457ca4-ecf0-46b8-882e-0e598c15db1a', 'https://shopee.vn/T%C3%BAi-%C4%91eo-ch%C3%A9o-Gucci-nam-si%C3%AAu-hot-T%C3%BAi-%C4%91eo-ch%C3%A9o-nam-GC-i.134982435.19956900313?sp_atk=0699e9ac-c246-4922-8fbb-44110be30596&xptdk=0699e9ac-c246-4922-8fbb-44110be30596', 'https://shopee.vn/-H%C3%A0ng-C%C3%B3-S%E1%BA%B5n-V%C3%AD-Da-Nam-%C4%90%E1%BB%B1ng-Th%E1%BA%BB-Playboy-Ch%E1%BA%A5t-L%C6%B0%E1%BB%A3ng-Cao-i.845261832.21537444077?sp_atk=0cbe5248-4975-4078-a22c-a27e50c0bcc6&xptdk=0cbe5248-4975-4078-a22c-a27e50c0bcc6', 'https://shopee.vn/Balo-%C4%91i-h%E1%BB%8Dc-nam-n%E1%BB%AF-du-l%E1%BB%8Bch-ch%E1%BA%A5t-li%E1%BB%87u-v%E1%BA%A3i-d%C3%A0y-d%E1%BA%B7n-(k%C3%A8m-video-th%E1%BA%ADt)-i.9224727.4260288616?sp_atk=5fc69ce0-5089-41c3-8ecd-8fd57522e73d&xptdk=5fc69ce0-5089-41c3-8ecd-8fd57522e73d', 'https://shopee.vn/Balo-nam-n%E1%BB%AF-%C4%91i-h%E1%BB%8Dc-Ulzzang-basic-ch%E1%BB%91ng-n%C6%B0%E1%BB%9Bc-c%E1%BA%B7p-s%C3%A1ch-laptop-phong-c%C3%A1ch-Unisex-H%C3%A0n-Qu%E1%BB%91c-d%C3%A0nh-cho-h%E1%BB%8Dc-sinh-sinh-vi%C3%AAn-i.552533872.19025706032?sp_atk=d3300e9d-546b-406b-9101-c2349120bc5a&xptdk=d3300e9d-546b-406b-9101-c2349120bc5a', 'https://shopee.vn/T%C3%BAi-X%C3%A1ch-%C4%90eo-Ch%C3%A9o-Kh%E1%BB%A7ng-Long-Xanh-Unisex-Th%E1%BB%9Di-Trang-Nam-N%E1%BB%AF-Cao-C%E1%BA%A5p-Jino-Studio-T%C3%BAi-X%C3%A1ch-Nam-V%E1%BA%A3i-Canvas-Ph%E1%BB%91i-Da-B%E1%BB%81n-%C4%90%E1%BA%B9p-i.170570942.21043793995?sp_atk=a338c701-ea74-4b78-bce4-849f1c2d5b49&xptdk=a338c701-ea74-4b78-bce4-849f1c2d5b49', 'https://shopee.vn/V%C3%8D-DA-NAM-D%C3%81NG-NGANG-PLAYBOY-PLB0889-i.31214702.6048474937?sp_atk=005bc605-a4ec-4e83-9a0b-3a4c70ddadbc&xptdk=005bc605-a4ec-4e83-9a0b-3a4c70ddadbc', 'https://shopee.vn/T%C3%BAi-Ch%E1%BB%91ng-S%E1%BB%91c-%C4%90%E1%BB%B1ng-Laptop-13-inch-14-inch-15-inch-B%E1%BB%81n-%C4%90%E1%BA%B9p-D%C3%A0y-Ch%E1%BA%A5t-L%C6%B0%E1%BB%A3ng-i.466896554.14071761638?sp_atk=bc31e9fc-32c1-4914-a951-07a92fab158a&xptdk=bc31e9fc-32c1-4914-a951-07a92fab158a', 'https://shopee.vn/C%E1%BA%B7p-%C4%90i-H%E1%BB%8Dc-Balo-Unisex-C%C3%A1-T%C3%ADnh-Cute-Th%E1%BB%9Di-Trang-H%C3%A0n-Qu%E1%BB%91c-Ch%E1%BB%91ng-N%C6%B0%E1%BB%9Bc-BL16-i.417908395.19455534781?sp_atk=e7daec96-45a4-4e6d-82d8-9a2b956239ec&xptdk=e7daec96-45a4-4e6d-82d8-9a2b956239ec', 'https://shopee.vn/-Si%C3%AAu-Sale-T%C3%BAi-%C4%91eo-ch%C3%A9o-ki%E1%BB%83u-ngang-da-ipad-M%C3%80U-%C4%90%E1%BA%ACM-da-lo%E1%BA%A1i-1-%C4%91%E1%BA%B9p-d%E1%BA%BBo-m%E1%BB%8Bn-K501-Shalla-H%C3%ACnh-th%E1%BA%ADt--i.67830099.14531571992?sp_atk=8970e8b0-e750-4126-b6cd-525a79fb362e&xptdk=8970e8b0-e750-4126-b6cd-525a79fb362e']"
Thời Trang Trẻ Em,"['https://shopee.vn/M%C5%A9-tr%C3%B9m-%C4%91%E1%BA%A7u-m%C3%A0u-s%E1%BA%AFc-tr%C6%A1n-trang-tr%C3%AD-n%C6%A1-%C4%91%C3%A1ng-y%C3%AAu-cho-b%C3%A9-i.331740976.13490684657?sp_atk=bafeacf8-7f17-480e-af80-c5ea1f243ee3&xptdk=bafeacf8-7f17-480e-af80-c5ea1f243ee3', 'https://shopee.vn/V%C3%A1y-%C4%91%E1%BA%A7m-nhung-c%E1%BB%A9ng-n%C6%A1-ng%E1%BB%B1c-si%C3%AAu-hot-cho-b%C3%A9-g%C3%A1i-i.451217467.22505089395?sp_atk=bc9b3cba-3c53-4e12-a829-0c4c752ad098&xptdk=bc9b3cba-3c53-4e12-a829-0c4c752ad098', 'https://shopee.vn/v%C3%A1y-nhung-c%C3%B4ng-ch%C3%BAa-b%C3%A9-g%C3%A1i-d%C3%A0i-tay-%C4%91%C3%ADnh-n%C6%A1-tr%C6%B0%E1%BB%9Bc-ng%E1%BB%B1c-t%E1%BB%AB-12-24kg-i.326238844.19654826161?sp_atk=ae243a99-a0a9-4d3c-8323-ad43322eff00&xptdk=ae243a99-a0a9-4d3c-8323-ad43322eff00', 'https://shopee.vn/Set-b%E1%BB%99-qu%E1%BA%A7n-%C3%A1o-thu-%C4%91%C3%B4ng-tr%E1%BA%BB-em-14-45kg-(4-14-tu%E1%BB%95i)-m%E1%BA%ABu-Snow-Truth-.MA65-i.137694074.10929035109?sp_atk=2d4d8b98-c922-46e6-a778-627fe3f0a5a8&xptdk=2d4d8b98-c922-46e6-a778-627fe3f0a5a8', 'https://shopee.vn/T%C3%BAi-D%E1%BA%A1-Cho-B%C3%A9-G%C3%A1i-Quai-Ng%E1%BB%8Dc-N%C6%A1-H%E1%BB%93ng-Si%C3%AAu-%C4%90%E1%BA%B9p-i.390877573.20840848151?sp_atk=ce76862d-85a4-4e92-a4e3-0498c45d66c4&xptdk=ce76862d-85a4-4e92-a4e3-0498c45d66c4', 'https://shopee.vn/%C3%81o-Hoodie-cho-b%C3%A9-g%C3%A1i-%C3%A1o-d%C3%A0i-tay-b%C3%A9-g%C3%A1i-size-nh%E1%BB%A1-%C4%91%E1%BA%A1i-(Sz-15-50kg)-ch%E1%BA%A5t-da-c%C3%A1-cao-c%E1%BA%A5p-BongKids-i.421606482.19558470585?sp_atk=a5cd51dc-2839-4107-b220-45167017003a&xptdk=a5cd51dc-2839-4107-b220-45167017003a', 'https://shopee.vn/V%C3%A1y-b%C3%A9-g%C3%A1i-V%C3%A1y-T%C4%83m-Nhung-N%C6%A1-B%C3%A1nh-B%C3%A8o-cho-b%C3%A9-1-7-Tu%E1%BB%95i-K%C3%A8m-Video-shop-t%E1%BB%B1-quay--i.199054694.19754862601?sp_atk=a013c80f-0a7a-4dba-b5a5-a5d513f5564c&xptdk=a013c80f-0a7a-4dba-b5a5-a5d513f5564c', 'https://shopee.vn/B%E1%BB%99-qu%E1%BA%A7n-%C3%A1o-n%E1%BB%89-thu-%C4%91%C3%B4ng-cho-b%C3%A9-trai-18-40kg.-B%E1%BB%99-%C4%91%E1%BB%93-n%E1%BB%89-d%C3%A0nh-cho-b%C3%A9-5-14-tu%E1%BB%95i.-i.104013514.18231310511?sp_atk=f8196f3f-173f-4e7e-b925-6ebf8ffc879a&xptdk=f8196f3f-173f-4e7e-b925-6ebf8ffc879a', 'https://shopee.vn/T%E1%BA%A5t-Ch%C3%A2n-%C4%90%C3%ADnh-N%C6%A1-Th%E1%BB%9Di-Trang-Cho-B%C3%A9-G%C3%A1i-i.813478013.21827693005?sp_atk=aa8fef42-215a-4f74-a1fc-0fe6d1c53d9f&xptdk=aa8fef42-215a-4f74-a1fc-0fe6d1c53d9f', 'https://shopee.vn/set-v%C3%A1y-m%E1%BA%B9-con-m%E1%BA%ABu-H%C3%A0n-Qu%E1%BB%91c-c%E1%BB%B1c-k%C3%AC-sang-ch%E1%BA%A3nh-cho-m%E1%BA%B9-v%C3%A0-b%C3%A9-size-b%C3%A9-9-25kg-m%E1%BA%B9-42-58kg-i.41349170.11740547177?sp_atk=6465d411-436d-4431-b602-9c4473c39e08&xptdk=6465d411-436d-4431-b602-9c4473c39e08']"
Đồ Chơi,"['https://shopee.vn/Lego-12-con-gi%C3%A1p-si%C3%AAu-d%E1%BB%85-th%C6%B0%C6%A1ng-%C4%91%E1%BB%93-ch%C6%A1i-l%E1%BA%AFp-r%C3%A1p-gi%E1%BA%A3i-tr%C3%AD-s%C3%A1ng-t%E1%BA%A1o-d%C3%B9ng-tr%C6%B0ng-b%C3%A0y-s%C6%B0u-t%E1%BA%A7m-qu%C3%A0-t%E1%BA%B7ng-Tinami-i.49863642.16290380431?sp_atk=811c0459-73be-45f7-87f2-59996786a933&xptdk=811c0459-73be-45f7-87f2-59996786a933', 'https://shopee.vn/Blacpink-1-b%E1%BB%99-54-th%E1%BA%BB-%E1%BA%A3nh-kh%C3%B4ng-l%E1%BA%B7p-l%E1%BA%A1i-in-%C4%91%E1%BB%99-n%C3%A9t-cao-lisa-jennie-jisoo-ROS%C3%89-th%E1%BA%BB-%E1%BA%A3nh-lomo-card-blackpink-i.817306408.21624838926?sp_atk=a4edc0c9-3225-43a8-82e9-de105799316e&xptdk=a4edc0c9-3225-43a8-82e9-de105799316e', 'https://shopee.vn/B%E1%BB%99-B%C3%A0i-T%C3%A2y-Mini-T%E1%BB%89-L%E1%BB%87-1-12-Trang-Tr%C3%AD-Cho-Nh%C3%A0-B%C3%BAp-B%C3%AA-i.357739621.17819041657?sp_atk=f783fb1e-5b1b-4950-9f7b-1bfcd68ed9a5&xptdk=f783fb1e-5b1b-4950-9f7b-1bfcd68ed9a5', 'https://shopee.vn/B%E1%BB%99-tranh-B%C3%BAp-b%C3%AA-gi%E1%BA%A5y-C%C3%B4-Ti%C3%AAn-Xanh-i.9836355.19466598870?sp_atk=27b453c2-daf9-4c68-87f4-6c49ffb780a7&xptdk=27b453c2-daf9-4c68-87f4-6c49ffb780a7', 'https://shopee.vn/Lego-12-Cung-Ho%C3%A0ng-%C4%90%E1%BA%A1o-Mini-%C4%91%E1%BB%93-ch%C6%A1i-m%C3%B4-h%C3%ACnh-l%E1%BA%AFp-r%C3%A1p-3D-c%E1%BB%B1c-k%E1%BB%B3-%C4%91%C3%A1ng-y%C3%AAu-v%C3%A0-d%E1%BB%85-th%C6%B0%C6%A1ng-i.26923080.22612077410?sp_atk=20c7530b-82e9-480a-ac3e-fa79c4c84aea&xptdk=20c7530b-82e9-480a-ac3e-fa79c4c84aea', 'https://shopee.vn/G%E1%BA%A5u-B%C3%B4ng-M%C3%A8o-Ho%C3%A0ng-Th%C6%B0%E1%BB%A3ng-Cosplay-3-m%C3%A0u-X%C6%B0%E1%BB%9Fng-G%E1%BA%A5u-B%C3%B4ng-Vi%E1%BB%87t-Nam-i.60157921.19443280347?sp_atk=d4edf602-6aa2-46b9-95a8-c88437780b46&xptdk=d4edf602-6aa2-46b9-95a8-c88437780b46', 'https://shopee.vn/Lego-12-con-gi%C3%A1p-l%E1%BA%AFp-r%C3%A1p-vui-nh%E1%BB%99n-i.26923080.22810675720?sp_atk=13b227f6-2862-43ba-beab-7c00ea25bb2e&xptdk=13b227f6-2862-43ba-beab-7c00ea25bb2e', 'https://shopee.vn/G%E1%BA%A5u-B%C3%B4ng-M%C3%A8o-Ho%C3%A0ng-Th%C6%B0%E1%BB%A3ng-Cosplay-3-M%C3%A0u-M%C3%A8o-B%C3%B4ng-Cao-C%E1%BA%A5p-G%E1%BA%A5u-B%C3%B4ng-City-i.112124104.6336889640?sp_atk=79d0d9f4-ecad-476b-bf29-52d0c5af4f9a&xptdk=79d0d9f4-ecad-476b-bf29-52d0c5af4f9a', 'https://shopee.vn/-50-m%E1%BA%A3nh-1x1-Kh%E1%BB%91i-gh%C3%A9p-h%C3%ACnh-3D-t%C3%B9y-ch%E1%BB%8Dn-l%E1%BA%BB-mi%E1%BA%BFng-cho-b%C3%A9-th%E1%BB%8Fa-s%E1%BB%A9c-s%C3%A1ng-t%E1%BA%A1o-i.208739954.20661450750?sp_atk=c9772bbf-d6e3-4fbf-b954-e0fef17a467d&xptdk=c9772bbf-d6e3-4fbf-b954-e0fef17a467d', 'https://shopee.vn/Lego-12-Con-Gi%C3%A1p-Mini-%C4%90%E1%BB%93-Ch%C6%A1i-Cho-B%C3%A9-Trai-V%C3%A0-B%C3%A9-G%C3%A1i-X%E1%BA%BFp-H%C3%ACnh-3D-C%E1%BB%B1c-K%E1%BB%B3-%C4%90%C3%A1ng-Y%C3%AAu-V%C3%A0-D%E1%BB%85-Th%C6%B0%C6%A1ng-i.232085619.17991690865?sp_atk=2ed0a2b9-e040-4b7d-8185-a56756c08521&xptdk=2ed0a2b9-e040-4b7d-8185-a56756c08521']"
Giặt Giũ & Chăm Sóc Nhà Cửa,"['https://shopee.vn/-L%C3%95I-Chai-X%E1%BB%8Bt-Ph%C3%B2ng-Thay-Th%E1%BA%BF-V%C3%A0o-M%C3%A1y-X%E1%BB%8Bt-Ph%C3%B2ng-T%E1%BB%B1-%C4%90%E1%BB%99ng-Glade-269ml-175g-H%C3%A0ng-ch%C3%ADnh-h%C3%A3ng-DKSH-Vi%E1%BB%87t-Nam.-i.133177937.10500780965?sp_atk=d1d7d6c1-b5e5-4e82-9b56-1f0c7d5b15c5&xptdk=d1d7d6c1-b5e5-4e82-9b56-1f0c7d5b15c5', 'https://shopee.vn/B%E1%BB%8Bch-ki%E1%BA%BFng-OPP-c%C3%B3-keo-%C4%91%E1%BB%B1ng-Nailbox-10x13cm-4cm-mi%E1%BB%87ng-d%C3%A1n-i.38463307.15734539968?sp_atk=083c17e1-0a81-46b5-a1e3-cdf07ad2914b&xptdk=083c17e1-0a81-46b5-a1e3-cdf07ad2914b', 'https://shopee.vn/K%E1%BA%B9p-Mi%E1%BB%87ng-T%C3%BAi-B%E1%BA%A3o-Qu%E1%BA%A3n-Tr%C3%A0-Thi%E1%BB%87n-T%C3%A0i-i.453249233.19468474790?sp_atk=dcc298bd-b5b0-4c91-90df-e22c271bb9f8&xptdk=dcc298bd-b5b0-4c91-90df-e22c271bb9f8', 'https://shopee.vn/t%C3%BAi-m%C3%A0ng-co-nhi%E1%BB%87t-b%E1%BB%8Dc-s%E1%BA%A3n-ph%E1%BA%A9m-qu%C3%A0-t%E1%BA%BFt-gi%E1%BB%8F-tr%C3%A1i-c%C3%A2y-size-70x80cm-1kg-i.29935464.4011281353?sp_atk=239b6442-fae9-49ed-af95-eeee6d36a9ac&xptdk=239b6442-fae9-49ed-af95-eeee6d36a9ac', 'https://shopee.vn/Vi%C3%AAn-gi%E1%BA%B7t-th%C6%A1m-qu%E1%BA%A7n-%C3%A1o-l%C6%B0u-h%C6%B0%C6%A1ng-t%E1%BB%9Bi-72h-vi%C3%AAn-th%C6%A1m-l%C3%A0m-m%E1%BB%81m-v%E1%BA%A3i-th%C3%ADch-h%E1%BB%A3p-c%E1%BA%A3-gi%E1%BA%B7t-tay-v%C3%A0-gi%E1%BA%B7t-m%C3%A1y-i.459622243.17935706568?sp_atk=6be975da-d197-402d-a74c-62aec7d784d2&xptdk=6be975da-d197-402d-a74c-62aec7d784d2', 'https://shopee.vn/Gel-kh%E1%BB%AD-m%C3%B9i-b%E1%BB%93n-c%E1%BA%A7u-gel-th%C6%A1m-kh%E1%BB%AD-tr%C3%B9ng-b%E1%BB%93n-c%E1%BA%A7u-d%E1%BA%A1ng-th%E1%BA%A1ch-h%C3%ACnh-b%C3%B4ng-hoa-GEL04-i.5635168.20932980919?sp_atk=88302618-b4d5-47fd-b045-c5188bfb2e48&xptdk=88302618-b4d5-47fd-b045-c5188bfb2e48', 'https://shopee.vn/Tinh-D%E1%BA%A7u-X%E1%BB%8Bt-Th%C6%A1m-qu%E1%BA%A7n-%C3%A1o-h%C6%B0%C6%A1ng-comfo-100ml-i.755051531.21208559425?sp_atk=b0e110d3-9385-4fcd-8de4-52cbb9efdfa3&xptdk=b0e110d3-9385-4fcd-8de4-52cbb9efdfa3', 'https://shopee.vn/T%E1%BA%A9y-d%E1%BA%A7u-m%E1%BB%A1-t%E1%BA%A9y-nh%C3%A0-b%E1%BA%BFp-t%E1%BA%A9y-h%C3%BAt-m%C3%B9i-b%E1%BA%BFp-gas-b%E1%BA%BFp-t%E1%BB%AB-%C4%91%C3%A1y-xoong-%C4%91%C3%A1y-ch%E1%BA%A3o-HiKit-i.793443307.19655436760?sp_atk=f1e01cf5-91ba-4887-8910-de485da8ed3d&xptdk=f1e01cf5-91ba-4887-8910-de485da8ed3d', 'https://shopee.vn/-H%C3%80NG-C%C3%93-S%E1%BA%B4N-H%E1%BB%99p-%C4%91%E1%BB%B1ng-nhang-mu%E1%BB%97i-b%E1%BA%B1ng-th%C3%A9p-kh%C3%B4ng-g%E1%BB%89-khay-%C4%91%E1%BB%B1ng-nhang-mu%E1%BB%97i-c%C3%B3-n%E1%BA%AFp-%C4%91%E1%BA%ADy-an-to%C3%A0n-i.361541333.8218137780?sp_atk=124bc635-257f-4068-911a-e23395df5396&xptdk=124bc635-257f-4068-911a-e23395df5396', 'https://shopee.vn/Vi%C3%AAn-gi%E1%BA%B7t-th%C6%A1m-qu%E1%BA%A7n-%C3%A1o-l%C6%B0u-h%C6%B0%C6%A1ng-t%E1%BB%9Bi-72h-H%E1%BA%A1t-X%E1%BA%A3-Th%C6%A1m-Qu%E1%BA%A7n-%C3%81o-H%E1%BA%A1t-L%C6%B0u-H%C6%B0%C6%A1ng-Qu%E1%BA%A7n-%C3%81o-Nh%E1%BA%ADt-B%E1%BA%A3n-NDUHLH1-110g-SIGO-i.736310845.16645527494?sp_atk=90108b49-91ef-42cf-adc9-61af69d924bf&xptdk=90108b49-91ef-42cf-adc9-61af69d924bf']"
Chăm Sóc Thú Cưng,"['https://shopee.vn/%C3%81o-Cho-Ch%C3%B3-M%C3%A8o-M%C3%B9a-%C4%90%C3%B4ng-Thi%E1%BA%BFt-K%E1%BA%BF-Xinh-X%E1%BA%AFn-%C4%90%C3%A1ng-Y%C3%AAu-H%E1%BB%8Da-Ti%E1%BA%BFt-Ho%E1%BA%A1t-H%C3%ACnh-i.234159309.10544830569?sp_atk=aa624db6-ed04-456c-accb-e7b437295a3b&xptdk=aa624db6-ed04-456c-accb-e7b437295a3b', 'https://shopee.vn/B%E1%BB%8Bch-T%C3%A3-l%C3%B3t-cho-ch%C3%B3-m%C3%A8o-%C4%91i-v%E1%BB%87-sinh-v%C3%A0o-khay-chu%E1%BB%93ng-b%E1%BA%B1ng-gi%E1%BA%A5y-si%C3%AAu-th%E1%BA%A5m-h%C3%BAt-50-100-t%E1%BA%A5m-mi%E1%BA%BFng-i.70991602.7162105349?sp_atk=364eb042-eb2e-4b00-b2d4-eb4965aae1ad&xptdk=364eb042-eb2e-4b00-b2d4-eb4965aae1ad', 'https://shopee.vn/Anti-stress-v%C3%A0-Parakill-d%C6%B0%E1%BB%A1ng-c%C3%A1-l%E1%BB%9D-%C4%91%E1%BB%9D-n%C3%BAp-g%C3%B3c-t%C3%BAm-l%E1%BA%AFc-n%E1%BA%A5m-k%C3%BD-sinh-tr%C3%B9ng-i.195120631.19021723107?sp_atk=d8ac5be8-c876-45c3-a1bb-22ee93a44fa9&xptdk=d8ac5be8-c876-45c3-a1bb-22ee93a44fa9', 'https://shopee.vn/-M%C3%A3-PET20K-gi%E1%BA%A3m-20K-%C4%91%C6%A1n-250K-Balo-phi-h%C3%A0nh-gia-trong-su%E1%BB%91t-Balo-th%C3%BA-c%C6%B0ng-v%E1%BA%ADn-chuy%E1%BB%83n-ch%C3%B3-m%C3%A8o-(T%E1%BA%B7ng-k%C3%A8m-t%E1%BA%A5m-l%C3%B3t)-i.423484567.10825509268?sp_atk=f3369241-5fcb-48e7-b3bd-177679ff9f7e&xptdk=f3369241-5fcb-48e7-b3bd-177679ff9f7e', 'https://shopee.vn/l%C6%B0%E1%BB%9Bi-b%E1%BA%ABy-chim-t%C3%A0ng-h%C3%ACnh-h%C3%A0ng-th%C3%A1i-lan-b%E1%BA%AFt-c%C3%A1c-lo%E1%BA%A1i-chim-ch%C3%A0o-m%C3%A0o-chim-ri-chim-trao-tr%E1%BA%A3o-khuy%C3%AAn-v..v0-i.109201342.10835972125?sp_atk=c680cfbc-673a-4764-a158-98cd02dd3336&xptdk=c680cfbc-673a-4764-a158-98cd02dd3336', 'https://shopee.vn/V%C3%B2ng-C%E1%BB%95-Ch%E1%BB%91ng-L%E1%BA%A1c-Cho-Th%C3%BA-C%C6%B0ng-LI0233-i.619005994.19940154142?sp_atk=eecfafbe-b0c4-4990-9851-809f99d8a802&xptdk=eecfafbe-b0c4-4990-9851-809f99d8a802', 'https://shopee.vn/Vi%C3%AAn-Nhai-SPIRIT-B%E1%BB%95-Sung-Dinh-D%C6%B0%E1%BB%A1ng-Cho-Ch%C3%B3-Canxi-Kho%C3%A1ng-%C4%90%E1%BA%B9p-L%C3%B4ng-Da-Vitamin-Ti%C3%AAu-Ho%CC%81a-C%C6%A1-X%C6%B0%C6%A1ng-Kh%C6%A1%CC%81p-iPet-Shop-i.19471386.6639409482?sp_atk=152c73e4-de9f-484c-a426-6eda65466a65&xptdk=152c73e4-de9f-484c-a426-6eda65466a65', 'https://shopee.vn/GIAO-H%C3%80NG-H%E1%BB%8EA-T%E1%BB%90C-T%C3%A3-l%C3%B3t-cho-ch%C3%B3-m%C3%A8o-%C4%91i-v%E1%BB%87-sinh-v%C3%A0o-khay-chu%E1%BB%93ng-b%E1%BA%B1ng-gi%E1%BA%A5y-si%C3%AAu-th%E1%BA%A5m-h%C3%BAt-50-100-t%E1%BA%A5m-mi%E1%BA%BFng-ZIPPOPET-i.423484567.15861885610?sp_atk=0ae45874-3a21-46dd-a99f-89fe2bb176b2&xptdk=0ae45874-3a21-46dd-a99f-89fe2bb176b2', 'https://shopee.vn/Pate-Nekko-Cho-M%C3%A8o-G%C3%B3i-70g-Pate-M%C3%A8o-Nh%E1%BA%ADp-Kh%E1%BA%A9u-T%E1%BB%AB-Th%C3%A1i-Lan-i.90751457.5364578530?sp_atk=d8212b08-ff54-4eec-8e30-52bfb5e31d57&xptdk=d8212b08-ff54-4eec-8e30-52bfb5e31d57', 'https://shopee.vn/S%C6%A1n-ch%E1%BB%91ng-th%E1%BA%A5m-th%C3%B9ng-x%E1%BB%91p-s%C6%A1n-ch%E1%BB%91ng-th%E1%BA%A5m-h%E1%BB%93-c%C3%A1-lo%E1%BA%A1i-t%E1%BB%91t-i.77335254.18142555182?sp_atk=29384efe-c5c0-4350-ab50-7edd1460a9b0&xptdk=29384efe-c5c0-4350-ab50-7edd1460a9b0']"
Voucher & Dịch Vụ,"['https://shopee.vn/Th%E1%BA%BB-viettel-20K-i.235958833.4820690807?sp_atk=3aeca7c4-c507-4fd1-9437-17d02a103fc9&xptdk=3aeca7c4-c507-4fd1-9437-17d02a103fc9', 'https://shopee.vn/To%C3%A0n-Qu%E1%BB%91c-E-Voucher-V%C3%A9-xem-phim-2D-r%E1%BA%A1p-Lotte-Cinema-to%C3%A0n-h%E1%BB%87-th%E1%BB%91ng-to%C3%A0n-qu%E1%BB%91c-%C3%81p-d%E1%BB%A5ng-t%E1%BA%A5t-c%E1%BA%A3-c%C3%A1c-ng%C3%A0y-i.11793840.19034622442?sp_atk=1d2cf138-3fb8-4860-8139-fe560c5f6d76&xptdk=1d2cf138-3fb8-4860-8139-fe560c5f6d76', 'https://shopee.vn/In-Th%E1%BA%BB-Li%E1%BB%87u-Tr%C3%ACnh-Spa-TMV-i.26264766.9900585072?sp_atk=94f6c3a9-80c5-4f04-bdb7-7becd49ca862&xptdk=94f6c3a9-80c5-4f04-bdb7-7becd49ca862', 'https://shopee.vn/To%C3%A0n-Qu%E1%BB%91c-Evoucher-Combo-02-mi%E1%BA%BFng-g%C3%A0-r%C3%A1n-Lotteria-i.25444453.4216050739?sp_atk=351d07f1-3ace-4689-b6be-6dd4d5fe5a91&xptdk=351d07f1-3ace-4689-b6be-6dd4d5fe5a91', 'https://shopee.vn/Th%E1%BA%BB-viettel-20k-i.330518145.16720870145?sp_atk=0193ad4b-9758-4758-9d3d-42384bdca0d4&xptdk=0193ad4b-9758-4758-9d3d-42384bdca0d4', 'https://shopee.vn/H%C3%A0-N%E1%BB%99i-E-Voucher-V%C3%A9-QR-Code-v%C3%A0o-c%E1%BB%ADa-nhanh-t%E1%BA%A1i-Th%E1%BB%A7y-Cung-Aquarium-Times-City-%C3%81p-d%E1%BB%A5ng-Cu%E1%BB%91i-tu%E1%BA%A7n-v%C3%A0-L%E1%BB%85-kh%C3%B4ng-ph%E1%BB%A5-thu-i.43331675.18336558908?sp_atk=997a0873-9a5d-46db-8ac7-61898052f813&xptdk=997a0873-9a5d-46db-8ac7-61898052f813', 'https://shopee.vn/-M%C3%A3-BMLT35-gi%E1%BA%A3m-%C4%91%E1%BA%BFn-35K-To%C3%A0n-qu%E1%BB%91c-E-voucher-App-K-G%C3%B3i-Tr%E1%BB%8Dn-V%E1%BA%B9n-Th%E1%BB%9Di-h%E1%BA%A1n-01-th%C3%A1ng-i.338277811.12218269477?sp_atk=37290241-dc78-418a-b005-8abb56aa7e4d&xptdk=37290241-dc78-418a-b005-8abb56aa7e4d', 'https://shopee.vn/To%C3%A0n-qu%E1%BB%91c-Evoucher-KFC-Combo-2-Kem-Cone-vani-i.115150934.16040311011?sp_atk=11485e1a-3d2d-48bf-8ddf-e78f6adb64dd&xptdk=11485e1a-3d2d-48bf-8ddf-e78f6adb64dd', 'https://shopee.vn/M%C3%A3-th%E1%BA%BB-c%C3%A0o-%C4%91i%E1%BB%87n-tho%E1%BA%A1i-Viettel-500k-i.2687216.549895116?sp_atk=1f2c890e-e4aa-4e0a-a768-0982243723e0&xptdk=1f2c890e-e4aa-4e0a-a768-0982243723e0', 'https://shopee.vn/-tiNiWorld-V%C3%A9-%C4%91i%E1%BB%87n-t%E1%BB%AD-%C3%A1p-d%E1%BB%A5ng-t%E1%BA%A1i-c%C3%A1c-TRUNG-T%C3%82M-tiNiWorld-c%C3%B3-gi%C3%A1-v%C3%A9-150.000-VN%C4%90-tr%C3%AAn-to%C3%A0n-qu%E1%BB%91c-TW150-i.148915004.14350756988?sp_atk=7c1dab9b-c0d8-47df-ae21-d4fc49f5744c&xptdk=7c1dab9b-c0d8-47df-ae21-d4fc49f5744c']"
